Usuario,The Last Airbender,Eraserhead,Swept Away,Kick-Ass,12 Angry Men,Shaolin,July 14,Jaded,Citizen Kane,Aftermath,The Last Winter,The Haunted Castle,Monty Python’s Life of Brian,Monty Python's The Meaning of Life,Rio Rita,Brazil,The Ogre,Pay or Die,American Beauty,Inception,Gone with the Wind,The Man Between,Rough Night in Jericho,Alien Raiders,A Fantastic Fear of Everything,That's My Boy,Yor-yor,Cold Sweat,Red Sun,Domino,Be Like Others,Nothing like the Holidays,To Die like a Man,Dead like Me: Life After Death,Wolfhound,People Like Us,Deathdream,Rear Window,The Manchurian Candidate,We Live in Public,Dazed and Confused,Cleopatra,Wanted,Titanic,42nd Street,City Hall,Delirious,Mirageman,Race 2,Madigan,The Angels' Share,Matchstick Men,Carrie,Invasion of the Body Snatchers,Percy,Maximum Overdrive,Pirates of the Caribbean: The Curse of the Black Pearl,Plumíferos,Roadside Romeo,Scarface,Taxi Driver,Family Plot,Bloodbath at the House of Death,The Oranges,Saturday Night Fever,The Godfather,Marcellino,Akele Hum Akele Tum,V for Vendetta,Masters of the Universe,Places in the Heart,Mutiny on the Bounty,Two Weeks in Another Town,Hachi: A Dog's Tale,A Gang Story,Arsenic and Old Lace,Johnny Guitar,The Mortal Instruments: City of Bones,Barbara Frietchie,Endangered Species,Sex Is Comedy,Heading South,Three Seasons,Varudu,Stash House,The Intouchables,The Escort,Small Cuts,Fat Girl,The Pleasure Is All Mine,Anatomy of Hell,Planet of the Apes,Son of the Bride,The Upside of Anger,Tell No One,In the Cut,Mr. Deeds,Seven Psychopaths,"Elisa, vida mía",Not Here to Be Loved,Argo,A Touch of Spice,Russian Ark,Pirates II: Stagnetti's Revenge,Gotcha!,Special Effects: Anything Can Happen,¿¡Revolución!?
Usuario0,9.0,,3.0,5.0,7.0,,2.0,0.0,9.0,2.0,,,,3.0,,10.0,,,2.0,0.0,7.0,4.0,2.0,1.0,,,,,5.0,,,1.0,,7.0,,0.0,2.0,9.0,7.0,,5.0,,1.0,,4.0,,,9.0,1.0,2.0,7.0,5.0,7.0,,,,8.0,,9.0,,1.0,0.0,0.0,,,,,,1.0,,6.0,,,,,,8.0,2.0,6.0,,3.0,7.0,5.0,9.0,5.0,3.0,0.0,,1.0,7.0,9.0,,,1.0,,5.0,,,2.0,,6.0,,3.0,5.0,0.0,7.0,5.0
Usuario1,10.0,,0.0,6.0,,5.0,7.0,,2.0,0.0,4.0,,,3.0,,,4.0,,4.0,,0.0,2.0,7.0,2.0,,3.0,3.0,8.0,,,1.0,8.0,7.0,,4.0,8.0,,8.0,6.0,,,9.0,3.0,,,,,5.0,5.0,6.0,4.0,1.0,,,,,,,4.0,,,,9.0,7.0,,2.0,,,9.0,3.0,5.0,3.0,4.0,,9.0,6.0,8.0,9.0,,10.0,,,,,,,2.0,10.0,8.0,6.0,,7.0,3.0,10.0,1.0,,1.0,8.0,10.0,1.0,5.0,,1.0,2.0,,,
Usuario2,7.0,,,,2.0,10.0,2.0,,,,2.0,,,10.0,,,8.0,8.0,,8.0,10.0,,,,,,10.0,,3.0,,3.0,4.0,,9.0,,,0.0,1.0,8.0,,6.0,1.0,10.0,,,3.0,3.0,6.0,,,7.0,,,,9.0,,,10.0,10.0,,,3.0,5.0,1.0,6.0,,8.0,4.0,4.0,2.0,7.0,2.0,,,,,3.0,1.0,,5.0,5.0,3.0,,2.0,,2.0,10.0,3.0,,3.0,,,0.0,0.0,7.0,0.0,,,2.0,,6.0,10.0,6.0,,10.0,,4.0
Usuario3,4.0,0.0,8.0,9.0,,7.0,4.0,,2.0,1.0,3.0,3.0,10.0,,4.0,0.0,0.0,,1.0,,8.0,0.0,8.0,8.0,10.0,,,6.0,,2.0,,3.0,7.0,0.0,4.0,9.0,7.0,4.0,0.0,3.0,3.0,0.0,7.0,3.0,,,4.0,1.0,8.0,1.0,,0.0,6.0,3.0,,3.0,,0.0,1.0,,3.0,,,8.0,0.0,9.0,10.0,8.0,,0.0,,7.0,0.0,5.0,6.0,6.0,,,9.0,3.0,3.0,5.0,,8.0,7.0,7.0,8.0,,,,10.0,9.0,5.0,,1.0,6.0,0.0,,,6.0,4.0,6.0,1.0,,,0.0,10.0
Usuario4,,9.0,,,0.0,,3.0,2.0,7.0,,5.0,2.0,0.0,1.0,9.0,0.0,6.0,0.0,3.0,,8.0,,5.0,6.0,7.0,,0.0,3.0,6.0,7.0,5.0,,7.0,1.0,7.0,7.0,5.0,,5.0,,5.0,,10.0,,0.0,,,0.0,6.0,,5.0,2.0,8.0,8.0,,6.0,,4.0,,5.0,4.0,,,,8.0,,5.0,0.0,10.0,10.0,1.0,6.0,,,1.0,7.0,0.0,7.0,4.0,,6.0,,0.0,3.0,0.0,,,1.0,,5.0,3.0,,,,7.0,,3.0,7.0,10.0,,,10.0,5.0,1.0,,1.0,
Usuario5,4.0,,,,4.0,0.0,9.0,1.0,5.0,8.0,3.0,2.0,7.0,,7.0,7.0,0.0,2.0,0.0,1.0,7.0,7.0,4.0,,5.0,7.0,8.0,7.0,6.0,,4.0,3.0,,5.0,,3.0,,,8.0,,6.0,3.0,5.0,4.0,8.0,,,,,9.0,,7.0,10.0,,0.0,,9.0,8.0,9.0,,,1.0,10.0,10.0,,4.0,,,7.0,2.0,0.0,7.0,8.0,2.0,4.0,4.0,10.0,9.0,7.0,,6.0,4.0,,,3.0,10.0,6.0,9.0,,2.0,,9.0,8.0,1.0,7.0,6.0,8.0,7.0,1.0,1.0,9.0,,,,3.0,,4.0
Usuario6,5.0,2.0,,0.0,,7.0,9.0,0.0,,,10.0,,,1.0,10.0,8.0,,2.0,1.0,,,10.0,2.0,,6.0,2.0,7.0,9.0,0.0,4.0,10.0,0.0,,3.0,,,4.0,,4.0,10.0,,2.0,,1.0,5.0,5.0,,5.0,2.0,9.0,8.0,7.0,,7.0,2.0,8.0,0.0,3.0,,2.0,4.0,0.0,,,0.0,,,3.0,,,10.0,,5.0,,9.0,6.0,0.0,9.0,,6.0,2.0,,1.0,,,5.0,6.0,,,2.0,8.0,,0.0,6.0,,6.0,8.0,3.0,,,,2.0,,10.0,,,2.0
Usuario7,3.0,6.0,7.0,,,7.0,10.0,,,,,5.0,,4.0,1.0,,2.0,,3.0,,0.0,9.0,,6.0,0.0,3.0,5.0,,1.0,,8.0,2.0,1.0,3.0,8.0,,,5.0,,7.0,,,,,,,,,,,7.0,5.0,8.0,3.0,7.0,,5.0,3.0,7.0,2.0,0.0,,8.0,3.0,5.0,,,4.0,,0.0,,6.0,10.0,1.0,6.0,0.0,0.0,5.0,7.0,,10.0,8.0,3.0,4.0,9.0,10.0,1.0,6.0,7.0,,,,,4.0,5.0,9.0,,,0.0,5.0,3.0,1.0,3.0,,4.0,8.0,6.0
Usuario8,7.0,,8.0,,6.0,,1.0,3.0,5.0,,4.0,8.0,8.0,4.0,2.0,4.0,,3.0,,,0.0,,,,9.0,2.0,5.0,,6.0,,1.0,9.0,1.0,,,7.0,2.0,9.0,,1.0,,9.0,,8.0,8.0,,5.0,4.0,9.0,,0.0,8.0,3.0,,9.0,,,,,,,10.0,8.0,6.0,1.0,,1.0,,1.0,1.0,5.0,,2.0,0.0,1.0,4.0,,,,5.0,3.0,4.0,,5.0,1.0,,7.0,1.0,,,10.0,6.0,1.0,,1.0,4.0,,,4.0,3.0,,,0.0,,5.0,6.0,
Usuario9,,7.0,3.0,0.0,10.0,,2.0,1.0,1.0,,,8.0,0.0,0.0,,,6.0,10.0,1.0,,2.0,,,,,8.0,,5.0,6.0,8.0,8.0,10.0,6.0,8.0,2.0,,4.0,8.0,3.0,10.0,,,0.0,,,,6.0,7.0,9.0,,,7.0,8.0,,,8.0,6.0,0.0,,0.0,0.0,8.0,,2.0,10.0,6.0,,1.0,2.0,3.0,0.0,,,,,6.0,,0.0,8.0,4.0,10.0,10.0,10.0,3.0,4.0,5.0,5.0,5.0,7.0,1.0,,,3.0,0.0,,10.0,10.0,2.0,,10.0,,0.0,,2.0,0.0,9.0,4.0
Usuario10,6.0,10.0,8.0,1.0,4.0,3.0,9.0,6.0,,,8.0,2.0,,3.0,2.0,,10.0,6.0,0.0,2.0,,6.0,,5.0,,4.0,,7.0,3.0,0.0,5.0,10.0,,0.0,3.0,6.0,10.0,10.0,,6.0,6.0,6.0,,2.0,5.0,0.0,,4.0,7.0,3.0,0.0,,,1.0,,,9.0,,0.0,4.0,2.0,10.0,0.0,4.0,8.0,,4.0,10.0,,,3.0,1.0,1.0,,,3.0,2.0,0.0,10.0,,7.0,,7.0,3.0,,,,,,9.0,,0.0,10.0,,,8.0,2.0,,0.0,,1.0,9.0,4.0,,3.0,,6.0
Usuario11,10.0,,3.0,,6.0,,10.0,,,,9.0,1.0,4.0,1.0,0.0,5.0,,2.0,6.0,9.0,,,,9.0,8.0,7.0,6.0,,7.0,0.0,,1.0,,1.0,1.0,4.0,,,,,,,8.0,,9.0,,,10.0,,,6.0,9.0,9.0,,7.0,10.0,,,10.0,0.0,5.0,1.0,7.0,3.0,9.0,1.0,3.0,,3.0,1.0,,,6.0,,2.0,,4.0,7.0,,4.0,,1.0,8.0,6.0,0.0,2.0,,,,,,,,3.0,,2.0,10.0,4.0,,,1.0,,,0.0,10.0,,1.0
Usuario12,2.0,,,,,,8.0,1.0,,,10.0,10.0,9.0,,,,4.0,,3.0,,,,1.0,0.0,6.0,4.0,0.0,,,3.0,,1.0,1.0,5.0,6.0,,,4.0,7.0,6.0,6.0,7.0,8.0,,5.0,3.0,10.0,,7.0,10.0,,1.0,,,,1.0,10.0,5.0,8.0,9.0,0.0,,0.0,2.0,,,3.0,4.0,4.0,,,8.0,6.0,9.0,9.0,4.0,6.0,4.0,,3.0,,5.0,1.0,0.0,,,,,,3.0,2.0,,3.0,,2.0,,5.0,1.0,6.0,,,10.0,,,,,0.0
Usuario13,10.0,,10.0,1.0,,,,,,7.0,,1.0,10.0,9.0,2.0,4.0,10.0,4.0,5.0,,3.0,2.0,10.0,6.0,9.0,,2.0,,7.0,,8.0,6.0,,,,10.0,5.0,0.0,2.0,,,3.0,,,7.0,,6.0,6.0,2.0,,2.0,1.0,6.0,,6.0,2.0,,,5.0,,8.0,,,,4.0,,,9.0,3.0,6.0,,0.0,8.0,0.0,3.0,1.0,9.0,7.0,1.0,,1.0,,0.0,5.0,,1.0,2.0,,2.0,,8.0,,,1.0,1.0,9.0,5.0,5.0,0.0,,5.0,3.0,,,7.0,,6.0
Usuario14,,1.0,9.0,2.0,2.0,8.0,5.0,3.0,,7.0,7.0,3.0,10.0,6.0,9.0,4.0,9.0,,,,10.0,,10.0,9.0,6.0,,9.0,4.0,,,,9.0,,3.0,2.0,6.0,9.0,8.0,0.0,,,2.0,6.0,5.0,4.0,,,,,1.0,0.0,6.0,,,4.0,3.0,6.0,9.0,,,,,0.0,0.0,,,3.0,,,0.0,4.0,,,7.0,,1.0,6.0,,8.0,0.0,,3.0,,,,6.0,9.0,,,,7.0,4.0,,2.0,,2.0,7.0,1.0,1.0,,,6.0,,2.0,,3.0,
Usuario15,8.0,4.0,,8.0,10.0,,8.0,,6.0,3.0,3.0,,,,1.0,1.0,8.0,0.0,,,,2.0,6.0,,,,,,7.0,,,2.0,,7.0,,,,,1.0,0.0,,,,,0.0,6.0,5.0,9.0,10.0,2.0,1.0,,0.0,,7.0,,,,1.0,5.0,6.0,,,8.0,7.0,6.0,,,8.0,4.0,,5.0,,4.0,,1.0,,,9.0,,0.0,,8.0,,,6.0,9.0,6.0,,0.0,10.0,9.0,2.0,,4.0,9.0,,10.0,3.0,7.0,3.0,10.0,0.0,8.0,4.0,6.0,0.0
Usuario16,,9.0,,4.0,10.0,3.0,1.0,,1.0,8.0,6.0,,,10.0,,9.0,1.0,,,5.0,7.0,1.0,,,,5.0,1.0,,4.0,2.0,6.0,3.0,,1.0,0.0,8.0,,2.0,2.0,3.0,10.0,,,3.0,4.0,4.0,4.0,8.0,8.0,1.0,4.0,1.0,8.0,3.0,4.0,0.0,0.0,,3.0,4.0,,2.0,6.0,2.0,,,7.0,1.0,3.0,2.0,,,,7.0,6.0,,3.0,10.0,,,9.0,,,2.0,0.0,,,3.0,8.0,4.0,0.0,10.0,4.0,,,5.0,6.0,,,,,,8.0,,5.0,6.0,4.0
Usuario17,,2.0,,0.0,9.0,,1.0,8.0,,4.0,10.0,8.0,,2.0,,,6.0,,7.0,7.0,6.0,3.0,,,6.0,,7.0,,,10.0,10.0,,,0.0,,5.0,5.0,5.0,,,2.0,10.0,,9.0,9.0,9.0,0.0,3.0,1.0,,0.0,,,7.0,,,8.0,3.0,,,3.0,,1.0,1.0,7.0,,2.0,5.0,9.0,,1.0,1.0,5.0,7.0,,,,0.0,8.0,9.0,4.0,,9.0,8.0,,,0.0,,,,8.0,,8.0,4.0,4.0,6.0,10.0,,,1.0,,4.0,,5.0,4.0,2.0,4.0
Usuario18,10.0,4.0,,3.0,5.0,4.0,6.0,5.0,5.0,5.0,,2.0,1.0,9.0,,,10.0,10.0,3.0,5.0,2.0,8.0,,5.0,8.0,,1.0,,0.0,9.0,5.0,,,,4.0,,,10.0,4.0,,2.0,,,7.0,4.0,4.0,,0.0,,10.0,5.0,,8.0,,10.0,9.0,7.0,,2.0,7.0,0.0,,2.0,,,3.0,3.0,4.0,4.0,,8.0,1.0,3.0,6.0,2.0,10.0,,,,7.0,,,1.0,9.0,,0.0,8.0,0.0,,,,0.0,,,1.0,8.0,7.0,8.0,9.0,9.0,1.0,8.0,8.0,1.0,,,
Usuario19,6.0,,9.0,,3.0,9.0,2.0,,,0.0,8.0,6.0,,4.0,3.0,,,4.0,9.0,,,10.0,5.0,7.0,7.0,,,0.0,2.0,9.0,10.0,,,,5.0,2.0,,4.0,,,5.0,7.0,10.0,1.0,7.0,,8.0,,,,9.0,9.0,6.0,4.0,,,1.0,,8.0,1.0,,8.0,1.0,,,,0.0,4.0,,8.0,,8.0,6.0,6.0,7.0,,1.0,,4.0,,,,,7.0,8.0,,,2.0,,7.0,,4.0,2.0,0.0,,7.0,,,0.0,9.0,9.0,10.0,0.0,,0.0,7.0,
Usuario20,7.0,,,9.0,8.0,,,10.0,0.0,10.0,8.0,2.0,,8.0,8.0,0.0,3.0,,,2.0,,1.0,8.0,,,0.0,7.0,10.0,,,,,,,,,0.0,1.0,0.0,,,7.0,6.0,,,5.0,7.0,,10.0,9.0,5.0,,,10.0,10.0,,,5.0,,5.0,8.0,0.0,,,,7.0,,0.0,7.0,,0.0,9.0,2.0,7.0,10.0,1.0,,0.0,4.0,10.0,,,8.0,9.0,,8.0,1.0,9.0,4.0,,,,,,,,,,4.0,,,,9.0,4.0,,,7.0
Usuario21,,6.0,6.0,6.0,0.0,6.0,6.0,1.0,10.0,7.0,,3.0,,,,,10.0,6.0,5.0,9.0,,4.0,,9.0,0.0,,,,,9.0,1.0,4.0,7.0,,2.0,,,,7.0,2.0,,,10.0,,,9.0,6.0,1.0,,,,5.0,9.0,,3.0,7.0,8.0,,,9.0,,,0.0,,8.0,4.0,,,,4.0,5.0,,0.0,1.0,10.0,3.0,7.0,5.0,0.0,,3.0,9.0,4.0,6.0,,0.0,8.0,1.0,7.0,,4.0,2.0,0.0,10.0,2.0,1.0,2.0,8.0,1.0,,6.0,9.0,,2.0,4.0,7.0,4.0
Usuario22,,,,1.0,,1.0,3.0,,6.0,9.0,,7.0,,,4.0,4.0,9.0,,,,4.0,,,,5.0,,,5.0,,5.0,,2.0,1.0,9.0,,4.0,10.0,,5.0,7.0,,,7.0,0.0,1.0,,4.0,8.0,,,,,,3.0,7.0,10.0,,7.0,,,,3.0,3.0,,,4.0,,1.0,,10.0,,10.0,7.0,,,6.0,,,7.0,2.0,10.0,,,3.0,,6.0,1.0,,0.0,9.0,,,,,3.0,1.0,0.0,,7.0,,,2.0,10.0,,4.0,10.0,5.0
Usuario23,7.0,9.0,9.0,2.0,0.0,,7.0,2.0,,7.0,,,0.0,9.0,7.0,8.0,,,0.0,,,5.0,5.0,,,10.0,,,4.0,7.0,,,4.0,8.0,6.0,0.0,7.0,9.0,3.0,7.0,1.0,,3.0,7.0,3.0,,1.0,,5.0,,,0.0,,9.0,9.0,4.0,,10.0,9.0,3.0,,3.0,6.0,,4.0,5.0,9.0,4.0,,4.0,7.0,2.0,,7.0,,8.0,1.0,0.0,,7.0,6.0,1.0,,10.0,6.0,,6.0,,,2.0,,6.0,4.0,6.0,,,5.0,,4.0,,,2.0,9.0,0.0,3.0,3.0,1.0
Usuario24,,,6.0,,4.0,,10.0,1.0,0.0,,1.0,1.0,,10.0,6.0,,9.0,10.0,5.0,7.0,2.0,,,,,,10.0,,1.0,,,5.0,1.0,10.0,9.0,,,4.0,7.0,7.0,,,8.0,5.0,8.0,,,2.0,,,9.0,,9.0,,3.0,8.0,4.0,,3.0,,,,9.0,,,,,7.0,7.0,,,0.0,3.0,,,2.0,,0.0,8.0,,1.0,10.0,,,0.0,,5.0,0.0,,7.0,1.0,,0.0,9.0,10.0,,10.0,7.0,7.0,,,,,,0.0,4.0,8.0
Usuario25,,7.0,8.0,,5.0,9.0,7.0,10.0,3.0,9.0,4.0,9.0,,7.0,3.0,0.0,2.0,8.0,0.0,,,5.0,4.0,,,9.0,,,8.0,2.0,0.0,6.0,6.0,,2.0,,,7.0,6.0,,10.0,3.0,,,0.0,,,6.0,7.0,6.0,4.0,8.0,6.0,,,6.0,,5.0,4.0,,,9.0,5.0,3.0,2.0,10.0,4.0,,2.0,8.0,,,7.0,9.0,6.0,6.0,,0.0,,,3.0,9.0,3.0,5.0,8.0,0.0,,1.0,3.0,,,3.0,7.0,,3.0,,,4.0,4.0,0.0,10.0,4.0,4.0,1.0,10.0,4.0,
Usuario26,3.0,3.0,6.0,0.0,,0.0,,8.0,,,,,,9.0,,0.0,,7.0,,3.0,8.0,2.0,1.0,2.0,8.0,2.0,8.0,0.0,,,8.0,10.0,4.0,10.0,4.0,7.0,4.0,3.0,,,,10.0,1.0,,6.0,2.0,5.0,3.0,,9.0,10.0,,6.0,10.0,6.0,,8.0,6.0,,4.0,1.0,10.0,,5.0,0.0,,,,,,,5.0,4.0,0.0,8.0,,,,9.0,,4.0,,9.0,8.0,2.0,8.0,9.0,9.0,,7.0,,8.0,,,8.0,,8.0,,4.0,,0.0,3.0,2.0,9.0,,,5.0
Usuario27,,,9.0,10.0,10.0,3.0,10.0,7.0,8.0,3.0,6.0,4.0,,,,8.0,7.0,10.0,1.0,,0.0,8.0,10.0,8.0,9.0,4.0,,,3.0,3.0,,,9.0,,6.0,,,7.0,4.0,6.0,1.0,3.0,8.0,,6.0,,1.0,,2.0,4.0,,9.0,4.0,,,5.0,4.0,,,8.0,1.0,1.0,8.0,,,,2.0,,,,4.0,2.0,10.0,,7.0,,,10.0,3.0,,,,9.0,0.0,9.0,8.0,1.0,,2.0,9.0,10.0,10.0,,1.0,10.0,9.0,3.0,,0.0,,,5.0,0.0,5.0,,,
Usuario28,,10.0,10.0,1.0,,7.0,,9.0,3.0,,1.0,10.0,,,9.0,3.0,,,10.0,5.0,4.0,,0.0,8.0,,4.0,3.0,4.0,,,3.0,,,1.0,,7.0,10.0,0.0,5.0,5.0,9.0,5.0,1.0,,4.0,4.0,,,,5.0,,,8.0,,1.0,,,,,,9.0,,,,,2.0,0.0,4.0,,,5.0,4.0,1.0,1.0,6.0,10.0,2.0,,6.0,,,,,7.0,9.0,,,5.0,5.0,,5.0,7.0,0.0,,4.0,3.0,,,3.0,3.0,,,,2.0,,7.0,6.0
Usuario29,2.0,6.0,6.0,10.0,6.0,,,,4.0,,,4.0,,8.0,3.0,,5.0,3.0,8.0,,3.0,0.0,1.0,,6.0,9.0,,1.0,,,10.0,4.0,1.0,,6.0,,10.0,5.0,6.0,,6.0,2.0,,0.0,,7.0,5.0,,4.0,,0.0,3.0,,0.0,2.0,8.0,5.0,,7.0,5.0,,8.0,7.0,2.0,6.0,2.0,,7.0,1.0,4.0,7.0,,7.0,,6.0,9.0,2.0,2.0,,,8.0,,,,9.0,,5.0,10.0,0.0,4.0,2.0,2.0,10.0,,8.0,5.0,10.0,,8.0,7.0,,,,1.0,,9.0,
Usuario30,,,0.0,,3.0,2.0,8.0,7.0,2.0,,6.0,6.0,5.0,2.0,7.0,3.0,4.0,,1.0,10.0,9.0,4.0,,4.0,,9.0,7.0,4.0,,5.0,9.0,9.0,0.0,4.0,10.0,,3.0,6.0,5.0,2.0,2.0,,,,8.0,,7.0,,,9.0,6.0,,,,2.0,0.0,0.0,6.0,9.0,10.0,2.0,7.0,6.0,,5.0,1.0,8.0,8.0,6.0,10.0,4.0,6.0,5.0,,,,9.0,9.0,1.0,,,1.0,,,,2.0,,10.0,1.0,9.0,9.0,,,10.0,,8.0,9.0,2.0,,10.0,,9.0,,,2.0,3.0,6.0
Usuario31,6.0,6.0,0.0,2.0,,8.0,,3.0,2.0,6.0,,10.0,3.0,10.0,7.0,7.0,5.0,8.0,,1.0,,4.0,5.0,,,,,7.0,2.0,5.0,,6.0,,,7.0,3.0,,,7.0,,,10.0,4.0,,4.0,,10.0,3.0,1.0,4.0,,9.0,,6.0,,0.0,2.0,8.0,,,,6.0,0.0,0.0,6.0,10.0,9.0,7.0,6.0,,5.0,,0.0,,8.0,2.0,7.0,1.0,6.0,,0.0,10.0,10.0,7.0,4.0,3.0,3.0,,,,6.0,,7.0,,4.0,,3.0,,0.0,,,7.0,3.0,5.0,9.0,,10.0
Usuario32,,3.0,9.0,6.0,1.0,,,0.0,,9.0,5.0,,,,,3.0,,,8.0,,8.0,10.0,,6.0,2.0,5.0,6.0,,9.0,7.0,,,8.0,6.0,9.0,,3.0,10.0,5.0,2.0,10.0,2.0,6.0,0.0,8.0,,5.0,4.0,,,7.0,3.0,,3.0,7.0,6.0,4.0,6.0,6.0,9.0,2.0,,,3.0,,,0.0,,,,,2.0,1.0,8.0,,6.0,2.0,6.0,,10.0,,,10.0,4.0,,,8.0,5.0,5.0,,1.0,,,,,2.0,,0.0,,6.0,,8.0,0.0,2.0,9.0,9.0,
Usuario33,9.0,,6.0,1.0,3.0,7.0,3.0,,10.0,1.0,6.0,9.0,,,,10.0,,10.0,,5.0,,3.0,4.0,8.0,,,10.0,0.0,,,,4.0,,,8.0,2.0,5.0,4.0,7.0,4.0,,,1.0,,1.0,1.0,2.0,5.0,,2.0,,2.0,1.0,,,6.0,9.0,3.0,,6.0,,6.0,,9.0,,9.0,8.0,3.0,6.0,,9.0,6.0,,2.0,,,2.0,,8.0,,0.0,,2.0,,10.0,9.0,,,,,6.0,3.0,9.0,10.0,,2.0,,,8.0,9.0,5.0,,0.0,0.0,2.0,6.0,1.0
Usuario34,,,,,,,10.0,,2.0,,,,,,2.0,4.0,0.0,9.0,,,7.0,3.0,3.0,10.0,3.0,,2.0,1.0,2.0,8.0,10.0,,,7.0,,,9.0,,10.0,8.0,,0.0,5.0,,4.0,5.0,8.0,0.0,,2.0,,,2.0,1.0,6.0,6.0,6.0,0.0,6.0,1.0,0.0,,,10.0,9.0,,,,5.0,,,,,7.0,5.0,1.0,1.0,,3.0,3.0,4.0,5.0,1.0,,,,0.0,5.0,,,,9.0,,,0.0,,4.0,,3.0,10.0,,5.0,9.0,,,1.0,2.0
Usuario35,,,7.0,,3.0,,10.0,5.0,8.0,,,0.0,,6.0,6.0,,,,8.0,,3.0,10.0,4.0,,,3.0,1.0,10.0,2.0,,1.0,1.0,9.0,,2.0,,7.0,6.0,7.0,,,,,6.0,3.0,,,7.0,10.0,,4.0,5.0,7.0,6.0,,,,9.0,10.0,0.0,7.0,1.0,2.0,0.0,,9.0,5.0,7.0,,2.0,5.0,,,3.0,6.0,5.0,2.0,1.0,,,,8.0,,2.0,9.0,10.0,1.0,7.0,,5.0,7.0,8.0,9.0,1.0,,5.0,10.0,9.0,6.0,,,5.0,10.0,,,10.0,7.0
Usuario36,2.0,4.0,,,,10.0,,10.0,,5.0,,1.0,1.0,4.0,10.0,2.0,,1.0,0.0,,8.0,,9.0,1.0,,,,5.0,3.0,3.0,10.0,,,,9.0,9.0,7.0,2.0,8.0,,6.0,,0.0,3.0,8.0,,4.0,2.0,7.0,9.0,,,,3.0,,5.0,1.0,,7.0,5.0,9.0,3.0,,,3.0,9.0,,7.0,2.0,0.0,,5.0,,8.0,10.0,,5.0,6.0,,3.0,8.0,2.0,9.0,,3.0,7.0,1.0,6.0,2.0,7.0,0.0,8.0,10.0,7.0,4.0,7.0,,,1.0,,,,8.0,1.0,,,
Usuario37,4.0,,,6.0,,4.0,0.0,,,6.0,0.0,,6.0,,,,9.0,,7.0,1.0,,,10.0,,0.0,8.0,10.0,,,3.0,6.0,,4.0,8.0,,8.0,,,,10.0,,9.0,10.0,6.0,1.0,1.0,,5.0,,10.0,,7.0,8.0,2.0,6.0,1.0,6.0,,,3.0,,9.0,,,,5.0,,,4.0,,,10.0,9.0,1.0,1.0,3.0,,0.0,,10.0,2.0,4.0,,,,,,,0.0,9.0,,7.0,,,4.0,8.0,2.0,1.0,0.0,4.0,,9.0,10.0,5.0,,7.0,
Usuario38,,2.0,1.0,10.0,,1.0,0.0,2.0,0.0,4.0,5.0,7.0,6.0,,1.0,10.0,,,2.0,6.0,,,8.0,5.0,5.0,3.0,2.0,2.0,,4.0,0.0,4.0,,,8.0,6.0,4.0,6.0,2.0,8.0,,,2.0,7.0,0.0,8.0,,10.0,,1.0,,3.0,3.0,,,10.0,,,5.0,5.0,,,3.0,8.0,1.0,,,,1.0,0.0,,,10.0,,0.0,1.0,10.0,4.0,4.0,3.0,,8.0,,10.0,6.0,2.0,5.0,,6.0,,,,,3.0,3.0,,0.0,,1.0,,,8.0,6.0,,,,10.0
Usuario39,,6.0,2.0,5.0,10.0,9.0,0.0,2.0,2.0,8.0,,5.0,5.0,,3.0,0.0,0.0,2.0,4.0,,,,,4.0,1.0,1.0,0.0,0.0,4.0,,,7.0,2.0,2.0,,6.0,7.0,,,,,5.0,,,,2.0,8.0,5.0,2.0,,,,0.0,0.0,9.0,,,1.0,,5.0,5.0,,10.0,4.0,,,,1.0,10.0,,8.0,,,,0.0,4.0,,,8.0,4.0,2.0,8.0,,10.0,,10.0,6.0,5.0,,,,5.0,8.0,5.0,6.0,7.0,8.0,1.0,8.0,,,,,,5.0,,1.0
Usuario40,7.0,,0.0,,6.0,,,,,9.0,1.0,7.0,9.0,,6.0,0.0,0.0,8.0,,10.0,4.0,,,,9.0,,,,10.0,8.0,5.0,8.0,10.0,2.0,7.0,,,,,,4.0,10.0,10.0,4.0,,9.0,7.0,10.0,5.0,9.0,8.0,,,,,1.0,1.0,6.0,6.0,,0.0,,,,1.0,,,3.0,7.0,1.0,4.0,,3.0,,,10.0,2.0,8.0,,,0.0,8.0,,10.0,9.0,5.0,6.0,,2.0,10.0,9.0,1.0,,4.0,3.0,,,8.0,8.0,,9.0,6.0,4.0,10.0,6.0,,9.0
Usuario41,5.0,0.0,,7.0,,3.0,0.0,9.0,,8.0,,,6.0,4.0,10.0,,6.0,,,,1.0,6.0,,3.0,10.0,,1.0,,6.0,,1.0,10.0,8.0,,,10.0,8.0,3.0,,9.0,10.0,,4.0,,10.0,,,,0.0,7.0,7.0,9.0,,9.0,,10.0,1.0,0.0,,,0.0,10.0,,,,,7.0,,8.0,10.0,5.0,1.0,0.0,,0.0,,10.0,9.0,5.0,0.0,,,1.0,,,0.0,3.0,,,,6.0,6.0,,0.0,,,5.0,1.0,,3.0,7.0,,5.0,9.0,6.0,,6.0
Usuario42,,,4.0,,0.0,2.0,5.0,6.0,,7.0,2.0,0.0,,9.0,1.0,,10.0,7.0,9.0,,8.0,6.0,,10.0,2.0,,,,,8.0,4.0,6.0,,3.0,0.0,1.0,2.0,,1.0,,5.0,,0.0,3.0,,6.0,,8.0,,,,4.0,,8.0,10.0,,,6.0,7.0,,,10.0,,0.0,,9.0,,9.0,5.0,4.0,2.0,1.0,,2.0,,5.0,,,3.0,1.0,,3.0,10.0,10.0,8.0,7.0,3.0,5.0,1.0,6.0,3.0,4.0,0.0,0.0,10.0,,10.0,,1.0,1.0,6.0,0.0,,,7.0,,6.0
Usuario43,6.0,5.0,7.0,,,7.0,3.0,,,3.0,,8.0,,5.0,4.0,,10.0,2.0,,4.0,,,,3.0,8.0,5.0,8.0,,,6.0,,0.0,,,4.0,9.0,3.0,1.0,8.0,,10.0,,,,0.0,,2.0,1.0,0.0,9.0,,4.0,,9.0,0.0,,0.0,5.0,5.0,,,9.0,5.0,9.0,1.0,0.0,1.0,,,,,8.0,,,10.0,0.0,3.0,3.0,,,,,,4.0,6.0,,,9.0,,10.0,,9.0,5.0,3.0,7.0,4.0,10.0,,,7.0,0.0,7.0,0.0,,,,
Usuario44,7.0,9.0,1.0,0.0,,,,7.0,8.0,2.0,,,,6.0,0.0,,,0.0,,3.0,4.0,,3.0,9.0,7.0,,4.0,3.0,1.0,6.0,9.0,,,4.0,6.0,,4.0,1.0,7.0,,7.0,,6.0,,,,8.0,,5.0,5.0,,0.0,0.0,3.0,7.0,8.0,,,5.0,,8.0,10.0,9.0,1.0,10.0,3.0,,7.0,0.0,4.0,,8.0,7.0,8.0,,3.0,,2.0,,,,5.0,,4.0,5.0,7.0,,7.0,,,,10.0,,4.0,,,1.0,5.0,,2.0,9.0,9.0,,9.0,,10.0,
Usuario45,,8.0,7.0,3.0,,,1.0,10.0,2.0,4.0,,,2.0,7.0,,,4.0,,0.0,9.0,5.0,1.0,,5.0,,3.0,,4.0,0.0,,1.0,7.0,,,6.0,,,7.0,6.0,,6.0,1.0,10.0,,,8.0,8.0,0.0,9.0,4.0,,9.0,,2.0,,10.0,,,5.0,,7.0,1.0,,,8.0,,4.0,3.0,,10.0,,,2.0,3.0,10.0,6.0,,7.0,,,4.0,3.0,6.0,,1.0,0.0,,10.0,10.0,0.0,9.0,10.0,8.0,1.0,5.0,8.0,8.0,2.0,8.0,3.0,,4.0,,6.0,8.0,,
Usuario46,8.0,,,1.0,,6.0,,1.0,,,0.0,10.0,,4.0,2.0,,0.0,,7.0,8.0,,8.0,3.0,3.0,4.0,,,8.0,6.0,0.0,0.0,,8.0,,10.0,,3.0,6.0,,4.0,7.0,,,9.0,4.0,,3.0,,4.0,,2.0,,8.0,,5.0,7.0,,,,2.0,2.0,,,1.0,9.0,,8.0,7.0,,10.0,1.0,1.0,2.0,4.0,2.0,1.0,,7.0,4.0,,4.0,,,,1.0,1.0,6.0,,5.0,8.0,3.0,3.0,10.0,8.0,10.0,,,,,1.0,,4.0,3.0,1.0,2.0,5.0,
Usuario47,5.0,,,7.0,5.0,5.0,,8.0,3.0,,,9.0,1.0,4.0,2.0,5.0,,,,,,,,8.0,3.0,,4.0,,,3.0,1.0,1.0,,,10.0,,6.0,6.0,8.0,,,6.0,,,3.0,3.0,0.0,3.0,1.0,,7.0,0.0,2.0,5.0,5.0,,0.0,10.0,,,,7.0,5.0,0.0,4.0,3.0,,8.0,5.0,,1.0,8.0,8.0,6.0,,,,,1.0,,,9.0,,,0.0,,,4.0,,0.0,6.0,,10.0,6.0,,0.0,,6.0,,,,8.0,2.0,5.0,2.0,,
Usuario48,,6.0,,10.0,4.0,,,7.0,5.0,6.0,4.0,3.0,8.0,2.0,2.0,8.0,1.0,0.0,,9.0,1.0,,8.0,,,3.0,0.0,1.0,4.0,9.0,2.0,,0.0,8.0,2.0,,,,10.0,2.0,,10.0,,9.0,10.0,,10.0,,3.0,,2.0,10.0,0.0,,,9.0,10.0,,,4.0,,8.0,0.0,,10.0,0.0,0.0,0.0,,,2.0,0.0,,3.0,,,9.0,,,,2.0,6.0,9.0,7.0,3.0,2.0,7.0,0.0,7.0,,4.0,8.0,,3.0,9.0,7.0,6.0,,,,3.0,,2.0,,,4.0,8.0
Usuario49,,1.0,,,8.0,,2.0,5.0,7.0,7.0,7.0,2.0,,5.0,0.0,6.0,1.0,6.0,,9.0,0.0,7.0,9.0,,,9.0,,3.0,10.0,,,0.0,8.0,,7.0,6.0,8.0,7.0,,4.0,,,2.0,,1.0,,0.0,6.0,3.0,10.0,4.0,,8.0,,,4.0,,,,,,,2.0,,,,9.0,0.0,2.0,1.0,3.0,5.0,5.0,2.0,4.0,2.0,8.0,5.0,,,3.0,9.0,,2.0,1.0,,3.0,,0.0,,,,,,0.0,2.0,,6.0,,,4.0,,6.0,10.0,2.0,0.0,5.0
Usuario50,,,4.0,3.0,6.0,,,,8.0,,2.0,8.0,9.0,,1.0,,0.0,6.0,1.0,,,,6.0,1.0,7.0,,10.0,0.0,0.0,10.0,,,0.0,,9.0,0.0,,3.0,1.0,,10.0,8.0,,0.0,,,8.0,,2.0,,,,,,3.0,0.0,8.0,8.0,,,,2.0,,,,,5.0,,1.0,10.0,10.0,4.0,5.0,0.0,3.0,,2.0,1.0,7.0,5.0,0.0,,5.0,,0.0,1.0,,,8.0,,,1.0,,,,7.0,,8.0,7.0,,,7.0,7.0,,,,3.0
Usuario51,,4.0,3.0,8.0,7.0,,,5.0,1.0,1.0,,5.0,,5.0,,10.0,,5.0,9.0,,,2.0,10.0,4.0,4.0,1.0,3.0,0.0,1.0,8.0,4.0,0.0,,1.0,,,,7.0,10.0,2.0,6.0,7.0,3.0,8.0,5.0,,8.0,4.0,0.0,10.0,3.0,4.0,,5.0,9.0,3.0,10.0,1.0,,,,2.0,9.0,2.0,,,3.0,8.0,,4.0,,7.0,6.0,1.0,,,8.0,7.0,,0.0,9.0,2.0,10.0,6.0,2.0,10.0,,3.0,0.0,,9.0,0.0,1.0,,6.0,4.0,,7.0,,8.0,9.0,5.0,,8.0,0.0,4.0,9.0
Usuario52,,0.0,,6.0,6.0,9.0,8.0,4.0,7.0,5.0,7.0,,9.0,2.0,10.0,9.0,10.0,,,3.0,,8.0,2.0,,,0.0,,8.0,1.0,2.0,10.0,2.0,10.0,8.0,,10.0,0.0,4.0,,,4.0,,,7.0,,3.0,2.0,2.0,2.0,,,7.0,,9.0,5.0,0.0,,,,,4.0,,6.0,,0.0,2.0,0.0,,,,7.0,5.0,5.0,,0.0,5.0,,3.0,,3.0,1.0,0.0,,6.0,,,3.0,,,0.0,8.0,3.0,9.0,3.0,0.0,0.0,8.0,4.0,,4.0,10.0,9.0,8.0,,1.0,,
Usuario53,0.0,9.0,4.0,,,8.0,3.0,4.0,1.0,10.0,4.0,7.0,2.0,,9.0,,8.0,8.0,,3.0,,10.0,,,,0.0,,8.0,,2.0,1.0,,7.0,,,8.0,8.0,7.0,3.0,8.0,,,,5.0,,6.0,,,,,1.0,,,,,1.0,,4.0,,1.0,1.0,,,,,,7.0,8.0,1.0,3.0,4.0,,7.0,1.0,,6.0,2.0,4.0,2.0,7.0,,8.0,10.0,3.0,2.0,9.0,8.0,,,,1.0,3.0,,,4.0,8.0,,9.0,,5.0,,,,,6.0,10.0,
Usuario54,9.0,6.0,7.0,,,10.0,,3.0,0.0,7.0,,1.0,,,,,0.0,,,5.0,6.0,1.0,,,,,,7.0,4.0,2.0,7.0,1.0,2.0,5.0,,7.0,,2.0,,8.0,4.0,,,,1.0,9.0,4.0,5.0,10.0,,,10.0,,,0.0,,,,,,,9.0,,6.0,,,,9.0,3.0,9.0,10.0,8.0,10.0,6.0,7.0,9.0,4.0,5.0,1.0,5.0,7.0,8.0,,1.0,,,,2.0,5.0,,6.0,,2.0,6.0,,1.0,,,,,,4.0,,,,4.0,1.0
Usuario55,10.0,7.0,,10.0,,,,,,4.0,8.0,,1.0,3.0,6.0,,8.0,,7.0,0.0,,4.0,,,,2.0,,5.0,,,,0.0,,5.0,,4.0,0.0,4.0,,,,1.0,,1.0,9.0,3.0,2.0,3.0,10.0,1.0,,,5.0,0.0,10.0,,2.0,1.0,0.0,10.0,,1.0,,1.0,8.0,2.0,10.0,1.0,4.0,,7.0,7.0,,1.0,,,6.0,,4.0,9.0,,,,2.0,0.0,,6.0,10.0,7.0,5.0,8.0,3.0,4.0,1.0,2.0,0.0,,6.0,,9.0,,8.0,2.0,2.0,,,
Usuario56,,,4.0,8.0,,,,9.0,2.0,4.0,2.0,10.0,,,6.0,5.0,,,1.0,0.0,,,9.0,,10.0,8.0,,,,,,6.0,,,7.0,9.0,,4.0,,0.0,,5.0,2.0,4.0,7.0,,0.0,1.0,10.0,0.0,2.0,2.0,,,,,8.0,9.0,5.0,,8.0,4.0,10.0,,,9.0,3.0,,,,3.0,5.0,0.0,,,6.0,4.0,,0.0,10.0,,,,8.0,5.0,10.0,1.0,,6.0,1.0,2.0,,10.0,7.0,3.0,6.0,,4.0,,0.0,5.0,0.0,5.0,5.0,0.0,,
Usuario57,3.0,5.0,,,5.0,0.0,3.0,0.0,,9.0,2.0,3.0,,,,6.0,10.0,2.0,5.0,9.0,3.0,9.0,5.0,8.0,8.0,4.0,,2.0,3.0,,,,,5.0,4.0,4.0,,3.0,,1.0,2.0,,0.0,,3.0,,,9.0,3.0,4.0,1.0,2.0,,,,,,10.0,7.0,,7.0,,,7.0,2.0,10.0,3.0,2.0,,9.0,10.0,1.0,,1.0,,5.0,,7.0,8.0,9.0,1.0,3.0,0.0,,,7.0,,0.0,7.0,2.0,10.0,5.0,,3.0,,9.0,,4.0,6.0,5.0,,,8.0,,,0.0,7.0
Usuario58,,0.0,,,7.0,5.0,5.0,,,5.0,2.0,8.0,,8.0,,9.0,3.0,2.0,,,8.0,9.0,8.0,,,10.0,5.0,,9.0,,9.0,,8.0,4.0,7.0,6.0,4.0,6.0,7.0,,5.0,,,2.0,,,,,,2.0,9.0,,8.0,,9.0,2.0,4.0,9.0,0.0,6.0,,4.0,7.0,0.0,,8.0,2.0,10.0,,5.0,6.0,1.0,7.0,,7.0,8.0,,0.0,1.0,,0.0,9.0,9.0,,10.0,,,1.0,4.0,,2.0,6.0,6.0,,8.0,8.0,0.0,7.0,,,0.0,2.0,8.0,6.0,6.0,10.0,0.0
Usuario59,,10.0,0.0,2.0,,9.0,1.0,0.0,,3.0,,,4.0,7.0,7.0,5.0,0.0,,0.0,8.0,,5.0,0.0,9.0,6.0,,,2.0,2.0,3.0,9.0,,6.0,9.0,,,3.0,6.0,,3.0,,,1.0,,,7.0,4.0,,10.0,0.0,0.0,,4.0,3.0,,5.0,8.0,6.0,,0.0,4.0,8.0,5.0,,1.0,,8.0,10.0,3.0,4.0,4.0,,4.0,1.0,2.0,3.0,5.0,,6.0,,,4.0,,7.0,,5.0,,2.0,10.0,5.0,4.0,,3.0,,,8.0,,,,,3.0,10.0,2.0,,8.0,3.0,
Usuario60,,9.0,2.0,6.0,1.0,2.0,,0.0,,5.0,,8.0,,,3.0,10.0,3.0,9.0,9.0,8.0,10.0,,2.0,9.0,10.0,8.0,,,2.0,,,,10.0,2.0,2.0,,1.0,,6.0,,10.0,2.0,,,6.0,4.0,5.0,,2.0,1.0,,,4.0,,2.0,4.0,7.0,1.0,3.0,0.0,7.0,,,,10.0,4.0,,6.0,3.0,5.0,3.0,,5.0,,,7.0,0.0,,,9.0,7.0,,,,1.0,,,5.0,,,,,6.0,,5.0,,,3.0,,3.0,8.0,7.0,,8.0,,1.0,6.0
Usuario61,5.0,10.0,,,2.0,1.0,1.0,3.0,,,9.0,4.0,,8.0,0.0,3.0,,0.0,,1.0,3.0,7.0,6.0,7.0,0.0,0.0,,6.0,0.0,,9.0,10.0,3.0,,,0.0,,10.0,6.0,4.0,0.0,0.0,,4.0,10.0,,7.0,,2.0,,2.0,,,8.0,2.0,10.0,9.0,,3.0,3.0,4.0,,0.0,0.0,0.0,,3.0,7.0,0.0,6.0,0.0,7.0,10.0,1.0,,3.0,,3.0,,10.0,9.0,,6.0,,,,,,,,0.0,,,,7.0,5.0,,,,1.0,,9.0,9.0,2.0,,8.0,4.0
Usuario62,3.0,6.0,,,,,4.0,,7.0,6.0,7.0,,8.0,3.0,2.0,,,,5.0,7.0,4.0,,4.0,,9.0,1.0,5.0,,,10.0,,,4.0,,,7.0,5.0,,9.0,0.0,3.0,7.0,8.0,1.0,4.0,,7.0,,,3.0,,10.0,3.0,10.0,,6.0,2.0,10.0,6.0,3.0,,,,4.0,3.0,1.0,5.0,,3.0,,4.0,,1.0,,3.0,,10.0,9.0,1.0,,7.0,,,5.0,,7.0,,2.0,7.0,,,3.0,7.0,,,1.0,,7.0,8.0,3.0,,8.0,3.0,,,,0.0
Usuario63,,9.0,,8.0,,,9.0,0.0,5.0,,7.0,3.0,,,2.0,,0.0,,9.0,,9.0,5.0,8.0,,,,,9.0,5.0,,,7.0,,9.0,3.0,,7.0,3.0,5.0,,,4.0,0.0,,,6.0,6.0,5.0,,5.0,,6.0,4.0,4.0,,0.0,10.0,1.0,,5.0,,,10.0,4.0,6.0,7.0,5.0,,1.0,,,,,,7.0,,,8.0,,,,6.0,8.0,,6.0,5.0,5.0,,,,,,,9.0,,,,7.0,7.0,8.0,,6.0,8.0,4.0,,,3.0
Usuario64,2.0,,,5.0,4.0,8.0,3.0,0.0,,0.0,,2.0,6.0,1.0,10.0,1.0,,6.0,5.0,5.0,,0.0,2.0,4.0,,5.0,9.0,,0.0,5.0,,,6.0,1.0,,3.0,,,4.0,,,,0.0,8.0,5.0,,7.0,,7.0,2.0,2.0,,5.0,9.0,4.0,1.0,4.0,5.0,4.0,0.0,,,2.0,7.0,4.0,,8.0,4.0,0.0,,,,4.0,7.0,0.0,9.0,,1.0,,,8.0,,9.0,,0.0,,,,3.0,,9.0,,,5.0,4.0,,,,,1.0,4.0,1.0,10.0,2.0,,0.0,0.0
Usuario65,,,,,4.0,8.0,0.0,8.0,,,4.0,8.0,9.0,2.0,,7.0,,,6.0,,,6.0,,2.0,,3.0,,4.0,1.0,,,9.0,2.0,5.0,,9.0,9.0,10.0,10.0,8.0,,,5.0,9.0,10.0,,10.0,0.0,2.0,8.0,,8.0,,3.0,1.0,8.0,7.0,7.0,0.0,,6.0,,,3.0,3.0,,,7.0,7.0,2.0,4.0,0.0,,10.0,,,6.0,,2.0,8.0,,4.0,7.0,0.0,1.0,,,2.0,1.0,8.0,8.0,8.0,9.0,,,9.0,,5.0,,,0.0,0.0,,1.0,,9.0,
Usuario66,6.0,,,,8.0,8.0,,10.0,3.0,4.0,3.0,9.0,2.0,6.0,0.0,6.0,,,2.0,,,0.0,5.0,,,8.0,2.0,7.0,4.0,10.0,9.0,4.0,,,10.0,3.0,10.0,0.0,,,4.0,9.0,,5.0,10.0,,,0.0,,9.0,5.0,7.0,8.0,,1.0,4.0,7.0,1.0,3.0,1.0,,,10.0,,,,10.0,9.0,1.0,0.0,8.0,9.0,1.0,6.0,8.0,,8.0,,,,8.0,,4.0,,7.0,,3.0,,,,,2.0,5.0,,10.0,3.0,1.0,,4.0,10.0,,3.0,4.0,9.0,4.0,7.0,
Usuario67,,6.0,2.0,,10.0,0.0,8.0,,1.0,7.0,4.0,5.0,0.0,,5.0,,,9.0,10.0,1.0,,2.0,,,,1.0,,1.0,5.0,,7.0,,9.0,8.0,,,,,,3.0,7.0,,8.0,,2.0,3.0,5.0,,,9.0,,,,,,,2.0,5.0,1.0,0.0,7.0,5.0,0.0,,10.0,2.0,2.0,,3.0,3.0,,,1.0,10.0,3.0,10.0,9.0,4.0,7.0,5.0,,0.0,0.0,,,,1.0,1.0,,,3.0,0.0,,,7.0,10.0,7.0,2.0,3.0,5.0,4.0,,9.0,10.0,7.0,10.0,
Usuario68,1.0,1.0,7.0,8.0,,,,,,,,,,1.0,3.0,,,,6.0,1.0,3.0,,5.0,1.0,,7.0,9.0,1.0,8.0,1.0,10.0,6.0,,,,8.0,,,0.0,,7.0,,10.0,,3.0,,10.0,7.0,4.0,4.0,,,6.0,1.0,1.0,1.0,4.0,3.0,4.0,1.0,,,2.0,1.0,1.0,,,2.0,,0.0,8.0,4.0,0.0,,,10.0,0.0,,4.0,4.0,6.0,,4.0,7.0,8.0,6.0,10.0,,5.0,4.0,3.0,2.0,10.0,,8.0,,,7.0,,,,,6.0,6.0,,5.0,5.0
Usuario69,6.0,4.0,3.0,6.0,7.0,,4.0,5.0,4.0,,,3.0,6.0,,5.0,0.0,5.0,6.0,6.0,6.0,,1.0,8.0,9.0,,10.0,,0.0,8.0,,4.0,,9.0,2.0,,10.0,9.0,,0.0,,,5.0,2.0,1.0,9.0,8.0,0.0,6.0,,,,,,0.0,8.0,,9.0,,,3.0,,9.0,,,,2.0,8.0,10.0,,6.0,,,10.0,4.0,7.0,9.0,1.0,9.0,,,7.0,,3.0,0.0,1.0,,9.0,,10.0,9.0,,,,,4.0,6.0,,9.0,,,5.0,8.0,6.0,,,,
Usuario70,5.0,2.0,10.0,8.0,3.0,,0.0,,6.0,1.0,2.0,,3.0,4.0,,,10.0,0.0,2.0,,1.0,,,9.0,9.0,,,1.0,9.0,2.0,,0.0,,,0.0,,2.0,10.0,,0.0,,0.0,7.0,10.0,,,10.0,2.0,,7.0,,,,10.0,0.0,7.0,,,6.0,,5.0,,3.0,,7.0,,0.0,,,,4.0,,,8.0,,5.0,,,,,6.0,3.0,3.0,,,7.0,,3.0,10.0,10.0,,,3.0,,,6.0,,,8.0,,,9.0,7.0,,6.0,,4.0
Usuario71,6.0,9.0,0.0,,,8.0,6.0,,0.0,2.0,8.0,,2.0,6.0,6.0,,7.0,5.0,6.0,,,5.0,,6.0,,0.0,4.0,,10.0,1.0,10.0,,,,,,7.0,10.0,6.0,,6.0,6.0,3.0,4.0,3.0,6.0,,,4.0,0.0,7.0,7.0,,7.0,8.0,,8.0,,3.0,,,,9.0,3.0,,,,3.0,,,2.0,1.0,3.0,2.0,9.0,,8.0,,1.0,,,,5.0,3.0,6.0,2.0,,6.0,,2.0,3.0,8.0,,2.0,,0.0,,2.0,,1.0,,1.0,8.0,4.0,1.0,6.0,9.0
Usuario72,,,3.0,4.0,4.0,,,2.0,4.0,2.0,,8.0,,8.0,6.0,7.0,8.0,,,4.0,4.0,6.0,3.0,,4.0,,2.0,5.0,9.0,4.0,10.0,,,1.0,3.0,8.0,,10.0,2.0,,,0.0,4.0,4.0,10.0,3.0,,1.0,7.0,0.0,1.0,7.0,10.0,,,7.0,,10.0,7.0,,,3.0,,10.0,,8.0,6.0,3.0,10.0,,0.0,10.0,1.0,0.0,7.0,,,,10.0,,8.0,9.0,9.0,5.0,,4.0,7.0,,1.0,7.0,,10.0,3.0,4.0,,,2.0,7.0,8.0,,,,0.0,1.0,,,
Usuario73,,1.0,10.0,,,,5.0,,2.0,,3.0,2.0,,2.0,,8.0,4.0,,3.0,4.0,,9.0,5.0,8.0,6.0,4.0,,,3.0,1.0,,,0.0,3.0,,2.0,5.0,5.0,10.0,,8.0,,7.0,1.0,9.0,,,2.0,,,0.0,,2.0,0.0,3.0,0.0,,5.0,,,1.0,,9.0,,,9.0,10.0,10.0,4.0,,7.0,,,9.0,,,,2.0,2.0,3.0,2.0,7.0,,1.0,4.0,,,,,,5.0,,,6.0,10.0,,4.0,3.0,0.0,7.0,,,,,3.0,9.0,
Usuario74,,8.0,,7.0,,,,,10.0,,,8.0,8.0,4.0,1.0,10.0,,0.0,10.0,,10.0,,8.0,10.0,0.0,8.0,,,,0.0,5.0,,,2.0,6.0,,10.0,,,10.0,,,0.0,2.0,1.0,7.0,4.0,,5.0,,,8.0,10.0,4.0,,5.0,2.0,10.0,,7.0,3.0,,,,4.0,,9.0,5.0,5.0,5.0,6.0,2.0,5.0,2.0,9.0,,4.0,0.0,3.0,5.0,7.0,6.0,,,3.0,6.0,9.0,,4.0,2.0,,1.0,2.0,4.0,5.0,,,5.0,9.0,6.0,1.0,0.0,6.0,,,4.0,
Usuario75,,0.0,6.0,,10.0,1.0,0.0,5.0,,,0.0,0.0,8.0,4.0,8.0,4.0,,,2.0,10.0,,0.0,3.0,5.0,10.0,8.0,3.0,,,,1.0,4.0,8.0,,2.0,7.0,4.0,10.0,,,2.0,8.0,4.0,,7.0,3.0,,10.0,4.0,,,,,,,,,1.0,8.0,,,10.0,,5.0,,9.0,7.0,,5.0,7.0,0.0,5.0,6.0,,,,1.0,5.0,,,1.0,2.0,,,,,,5.0,,4.0,10.0,,8.0,,7.0,1.0,8.0,7.0,3.0,8.0,,6.0,,,5.0,9.0,5.0
Usuario76,9.0,,10.0,4.0,,,10.0,,9.0,,4.0,1.0,,10.0,2.0,9.0,7.0,6.0,10.0,,1.0,3.0,3.0,0.0,,,3.0,,9.0,10.0,10.0,9.0,,,,,6.0,8.0,1.0,9.0,4.0,,,3.0,5.0,1.0,8.0,3.0,,,3.0,9.0,9.0,6.0,,2.0,,7.0,5.0,9.0,7.0,2.0,7.0,6.0,,7.0,0.0,2.0,9.0,,8.0,5.0,0.0,6.0,5.0,0.0,9.0,,6.0,4.0,0.0,1.0,,,,,4.0,0.0,,8.0,6.0,5.0,1.0,3.0,0.0,,,2.0,,7.0,10.0,,,,9.0,6.0,0.0
Usuario77,0.0,10.0,2.0,6.0,6.0,7.0,3.0,,2.0,,10.0,4.0,,3.0,0.0,3.0,,,,,,3.0,6.0,3.0,6.0,5.0,8.0,2.0,,,1.0,,8.0,1.0,7.0,,0.0,,1.0,3.0,8.0,1.0,,10.0,,,,,,10.0,4.0,3.0,,,3.0,3.0,8.0,,,,7.0,10.0,7.0,,0.0,0.0,10.0,6.0,,6.0,8.0,4.0,,,,,,,3.0,10.0,,,9.0,3.0,5.0,4.0,,,9.0,,5.0,10.0,6.0,,,1.0,3.0,4.0,7.0,4.0,,,,9.0,10.0,,
Usuario78,,1.0,,5.0,,,4.0,2.0,2.0,,2.0,1.0,,9.0,,,1.0,,,,3.0,9.0,,,,1.0,3.0,3.0,4.0,4.0,9.0,2.0,5.0,10.0,4.0,3.0,0.0,,7.0,,,,7.0,,6.0,4.0,,3.0,7.0,10.0,3.0,,,,3.0,4.0,10.0,,,10.0,0.0,,5.0,4.0,9.0,,6.0,,8.0,5.0,2.0,8.0,,,,,6.0,,2.0,10.0,9.0,,1.0,,6.0,7.0,6.0,,5.0,9.0,3.0,8.0,,,10.0,,,,1.0,,6.0,9.0,,0.0,10.0,5.0,1.0
Usuario79,2.0,9.0,6.0,8.0,3.0,8.0,,6.0,,10.0,1.0,,6.0,7.0,6.0,3.0,8.0,,8.0,1.0,,0.0,5.0,5.0,4.0,,0.0,,7.0,5.0,2.0,0.0,2.0,9.0,7.0,0.0,,,3.0,10.0,9.0,,4.0,4.0,2.0,,,8.0,5.0,,,,8.0,8.0,2.0,8.0,,5.0,4.0,,5.0,,3.0,,4.0,1.0,2.0,2.0,1.0,0.0,,3.0,,4.0,6.0,,10.0,2.0,,2.0,5.0,4.0,,3.0,,6.0,7.0,,3.0,10.0,1.0,4.0,1.0,4.0,5.0,9.0,4.0,,6.0,0.0,4.0,0.0,,7.0,,,
Usuario80,6.0,,9.0,3.0,2.0,10.0,9.0,4.0,3.0,3.0,8.0,,,,,1.0,10.0,4.0,9.0,,0.0,2.0,1.0,,9.0,5.0,8.0,6.0,7.0,,5.0,,,,1.0,,9.0,8.0,7.0,,9.0,,1.0,2.0,3.0,6.0,,,,1.0,,8.0,3.0,,,,,10.0,6.0,,2.0,1.0,2.0,8.0,7.0,,7.0,6.0,4.0,2.0,9.0,,,4.0,9.0,,,8.0,10.0,9.0,1.0,0.0,9.0,5.0,2.0,10.0,,,,7.0,3.0,,9.0,1.0,0.0,,6.0,10.0,2.0,1.0,,10.0,8.0,10.0,3.0,6.0,7.0
Usuario81,0.0,,5.0,,,8.0,,,7.0,,5.0,,,7.0,,7.0,,,0.0,0.0,,,,,,,,,,,0.0,0.0,,,5.0,4.0,6.0,9.0,,5.0,,0.0,,5.0,10.0,9.0,4.0,,,7.0,8.0,1.0,,,7.0,,7.0,,,,,,7.0,,7.0,0.0,6.0,,,,,3.0,,,0.0,10.0,2.0,,2.0,,1.0,,,,6.0,,1.0,,7.0,,,6.0,,,3.0,1.0,,,,0.0,1.0,,0.0,6.0,1.0,10.0,
Usuario82,,6.0,,2.0,,6.0,,3.0,7.0,,1.0,9.0,8.0,4.0,,0.0,,6.0,,,,,1.0,5.0,,10.0,3.0,2.0,7.0,1.0,3.0,,,0.0,2.0,7.0,5.0,6.0,6.0,3.0,,,,,8.0,8.0,,,3.0,,3.0,,,3.0,,0.0,5.0,7.0,1.0,5.0,8.0,1.0,,8.0,5.0,,,,,,8.0,4.0,2.0,,,,,0.0,,7.0,6.0,,2.0,,9.0,2.0,3.0,,,6.0,3.0,,9.0,9.0,,9.0,,,,3.0,5.0,10.0,6.0,7.0,,8.0,1.0
Usuario83,,10.0,9.0,,4.0,0.0,2.0,,5.0,,8.0,7.0,7.0,,4.0,,,7.0,7.0,9.0,,0.0,6.0,4.0,1.0,,8.0,0.0,,,,8.0,5.0,9.0,7.0,4.0,0.0,,4.0,,,,10.0,9.0,,10.0,,8.0,9.0,,1.0,6.0,,,5.0,2.0,2.0,,,,,10.0,,,,,,,,1.0,8.0,,3.0,,0.0,3.0,5.0,5.0,10.0,,10.0,3.0,8.0,,5.0,,9.0,,,,5.0,,,,3.0,,,,0.0,,,,,9.0,,,3.0
Usuario84,,2.0,,9.0,,10.0,8.0,6.0,,7.0,9.0,5.0,2.0,,10.0,,5.0,9.0,10.0,5.0,9.0,7.0,,,,7.0,,,,,1.0,,,3.0,,,2.0,,,5.0,,2.0,1.0,,2.0,9.0,,,,,,9.0,,,,,4.0,0.0,2.0,,5.0,,,,,1.0,,1.0,,3.0,,,3.0,,,10.0,5.0,3.0,0.0,5.0,8.0,8.0,4.0,6.0,1.0,10.0,7.0,7.0,8.0,2.0,4.0,,,0.0,,,,6.0,4.0,4.0,6.0,1.0,9.0,7.0,,,2.0
Usuario85,9.0,3.0,5.0,,,2.0,,5.0,8.0,7.0,6.0,4.0,,6.0,,10.0,4.0,2.0,4.0,2.0,,7.0,,1.0,,9.0,,7.0,4.0,1.0,2.0,,3.0,,,6.0,10.0,9.0,8.0,0.0,2.0,,6.0,9.0,0.0,1.0,9.0,,,7.0,1.0,,8.0,,,,6.0,4.0,3.0,2.0,8.0,,,,,,3.0,0.0,,8.0,10.0,,2.0,,3.0,,3.0,,,,,2.0,1.0,,9.0,,6.0,4.0,,4.0,7.0,2.0,3.0,6.0,5.0,,2.0,,0.0,8.0,1.0,7.0,9.0,5.0,2.0,,
Usuario86,,0.0,2.0,2.0,9.0,1.0,,10.0,1.0,7.0,10.0,6.0,,,1.0,0.0,,,,,4.0,,,,3.0,6.0,5.0,,,2.0,0.0,,,1.0,,,6.0,10.0,,7.0,,5.0,7.0,1.0,9.0,6.0,2.0,,,,,3.0,,,3.0,,5.0,8.0,,,,,8.0,7.0,,,,9.0,,,10.0,,2.0,,,,,1.0,,5.0,,7.0,,1.0,,,,7.0,8.0,,6.0,10.0,8.0,,,9.0,,,2.0,7.0,6.0,,1.0,2.0,,8.0,
Usuario87,6.0,,6.0,3.0,6.0,2.0,,6.0,,,6.0,,,7.0,6.0,9.0,,1.0,5.0,,6.0,,6.0,5.0,8.0,7.0,0.0,0.0,,2.0,,,,,,,,8.0,,3.0,4.0,10.0,,0.0,4.0,3.0,,,,9.0,,9.0,2.0,,1.0,,4.0,,8.0,7.0,1.0,0.0,,,1.0,,,,8.0,3.0,5.0,5.0,9.0,,7.0,0.0,4.0,,,2.0,2.0,7.0,,,,4.0,,9.0,,3.0,1.0,10.0,7.0,4.0,10.0,0.0,,,1.0,,,5.0,2.0,6.0,5.0,5.0,
Usuario88,3.0,5.0,0.0,,5.0,,,6.0,,,0.0,,3.0,6.0,6.0,,,,10.0,,,4.0,10.0,,1.0,,5.0,7.0,3.0,6.0,,6.0,4.0,7.0,10.0,,0.0,5.0,6.0,1.0,4.0,0.0,,,8.0,6.0,,,5.0,,,,,,,,9.0,1.0,10.0,5.0,2.0,,1.0,,1.0,1.0,,,1.0,10.0,,,,8.0,,,,6.0,3.0,,5.0,3.0,,,,1.0,9.0,4.0,,10.0,,6.0,4.0,,3.0,,,,7.0,7.0,8.0,5.0,8.0,9.0,7.0,10.0,5.0
Usuario89,,7.0,0.0,9.0,,4.0,,8.0,,,4.0,9.0,1.0,8.0,10.0,5.0,9.0,9.0,,,,3.0,,,,4.0,,,1.0,1.0,9.0,8.0,6.0,9.0,,,7.0,10.0,9.0,,5.0,8.0,,6.0,,9.0,3.0,0.0,10.0,,,9.0,,6.0,,,9.0,8.0,,0.0,7.0,0.0,,4.0,10.0,0.0,8.0,,,7.0,,7.0,,,9.0,7.0,2.0,10.0,2.0,,5.0,6.0,0.0,4.0,,,7.0,7.0,,9.0,,5.0,2.0,,0.0,10.0,6.0,1.0,,,2.0,,3.0,,,0.0,
Usuario90,9.0,4.0,1.0,,,8.0,,,,10.0,,7.0,8.0,7.0,,,1.0,5.0,,3.0,8.0,,8.0,10.0,10.0,,7.0,,,9.0,9.0,7.0,4.0,1.0,4.0,,0.0,2.0,2.0,,5.0,,7.0,1.0,9.0,3.0,,0.0,,,0.0,5.0,8.0,0.0,5.0,4.0,,10.0,3.0,,0.0,4.0,3.0,,0.0,,0.0,,1.0,,,,,,7.0,0.0,,1.0,3.0,,,5.0,5.0,9.0,3.0,,3.0,8.0,9.0,4.0,1.0,,,10.0,4.0,,3.0,,3.0,9.0,,,,5.0,7.0,,
Usuario91,1.0,4.0,,,2.0,6.0,10.0,5.0,,,4.0,6.0,0.0,4.0,,4.0,,,2.0,,7.0,7.0,8.0,,,8.0,6.0,5.0,8.0,1.0,,,,,,,,8.0,10.0,,10.0,,,1.0,,,,0.0,2.0,3.0,2.0,2.0,,8.0,,,8.0,,0.0,6.0,,,3.0,,2.0,,,2.0,6.0,,,2.0,2.0,5.0,,6.0,,7.0,3.0,10.0,,2.0,,0.0,0.0,7.0,,3.0,1.0,9.0,,0.0,4.0,5.0,,0.0,10.0,1.0,0.0,,7.0,3.0,10.0,0.0,,8.0,
Usuario92,0.0,4.0,,3.0,6.0,,9.0,,,,1.0,5.0,7.0,,,6.0,,9.0,1.0,,7.0,4.0,8.0,10.0,,,0.0,,0.0,8.0,10.0,,,10.0,,8.0,,,5.0,0.0,,,,10.0,,,9.0,,3.0,,0.0,4.0,9.0,,3.0,,,,,5.0,,,0.0,,0.0,,10.0,1.0,,,10.0,1.0,,7.0,,0.0,2.0,,4.0,,6.0,9.0,,8.0,,0.0,6.0,10.0,9.0,10.0,9.0,,,8.0,,8.0,,6.0,0.0,,5.0,10.0,,0.0,,,10.0
Usuario93,,3.0,,2.0,6.0,5.0,,,,7.0,10.0,6.0,,8.0,,,,,1.0,,7.0,2.0,0.0,,,1.0,3.0,2.0,,7.0,7.0,,,9.0,,2.0,9.0,,,,8.0,,,2.0,6.0,7.0,3.0,6.0,,,,,10.0,10.0,0.0,8.0,,10.0,,6.0,,7.0,3.0,9.0,4.0,2.0,,,1.0,8.0,5.0,0.0,,2.0,1.0,3.0,,,8.0,4.0,6.0,,8.0,6.0,8.0,10.0,6.0,,,6.0,7.0,,5.0,10.0,,4.0,10.0,,0.0,,9.0,2.0,9.0,9.0,10.0,,8.0
Usuario94,6.0,3.0,,,,,5.0,8.0,2.0,,5.0,,,7.0,1.0,,1.0,9.0,5.0,,,,1.0,,,,7.0,,,7.0,10.0,,8.0,,,,8.0,,,,,1.0,1.0,,7.0,,,,3.0,,,,7.0,,8.0,3.0,3.0,3.0,0.0,8.0,5.0,,10.0,0.0,1.0,7.0,1.0,,1.0,8.0,,4.0,7.0,,7.0,,10.0,4.0,7.0,6.0,4.0,,2.0,3.0,0.0,5.0,4.0,2.0,,10.0,2.0,2.0,,,0.0,,,,4.0,,,4.0,9.0,4.0,,,7.0
Usuario95,1.0,,0.0,8.0,9.0,10.0,,10.0,,,,1.0,,5.0,6.0,4.0,1.0,,,4.0,3.0,,8.0,3.0,5.0,,,5.0,7.0,,1.0,6.0,9.0,6.0,10.0,0.0,,4.0,3.0,2.0,,0.0,4.0,3.0,7.0,10.0,4.0,8.0,9.0,,,,8.0,6.0,3.0,4.0,8.0,4.0,,1.0,,7.0,,3.0,,5.0,,,5.0,3.0,,6.0,8.0,10.0,,8.0,,,7.0,5.0,,,,7.0,,,,,,7.0,8.0,,,0.0,3.0,,,,9.0,4.0,,,,,7.0,,9.0
Usuario96,7.0,4.0,10.0,2.0,7.0,3.0,,1.0,,,6.0,6.0,,,,6.0,10.0,8.0,3.0,0.0,0.0,8.0,,6.0,5.0,3.0,8.0,,6.0,3.0,,9.0,,,2.0,,,,,,,10.0,9.0,,5.0,,8.0,,9.0,,3.0,4.0,8.0,,3.0,2.0,4.0,,,,,,,7.0,,6.0,9.0,,,4.0,,8.0,0.0,10.0,,,,4.0,,,1.0,9.0,,,,9.0,7.0,5.0,5.0,7.0,,1.0,7.0,5.0,,,,7.0,,10.0,6.0,3.0,,,,,
Usuario97,7.0,5.0,8.0,0.0,5.0,5.0,,,,,,,5.0,,,3.0,,9.0,6.0,,,7.0,6.0,9.0,0.0,,0.0,,6.0,3.0,1.0,,5.0,,,1.0,6.0,,,,1.0,0.0,,8.0,3.0,7.0,6.0,,9.0,,2.0,,1.0,1.0,,,,,2.0,9.0,,9.0,7.0,,,3.0,,,5.0,,8.0,,0.0,,7.0,,5.0,6.0,10.0,,,7.0,,2.0,6.0,10.0,6.0,7.0,6.0,,,2.0,,10.0,,9.0,,,10.0,7.0,,,9.0,,,2.0,4.0
Usuario98,,6.0,,,1.0,,0.0,8.0,,6.0,2.0,0.0,,2.0,,,,6.0,5.0,,,,,,8.0,7.0,,0.0,6.0,10.0,9.0,10.0,3.0,1.0,6.0,,8.0,,,5.0,1.0,0.0,7.0,3.0,2.0,7.0,5.0,6.0,,,0.0,,,2.0,,9.0,7.0,4.0,,4.0,0.0,8.0,10.0,,2.0,3.0,5.0,5.0,,0.0,9.0,1.0,,,,10.0,,,,5.0,10.0,,1.0,9.0,0.0,3.0,8.0,10.0,0.0,2.0,,4.0,10.0,0.0,7.0,3.0,,,10.0,,9.0,2.0,,,,7.0,3.0
Usuario99,9.0,4.0,,2.0,9.0,10.0,7.0,1.0,0.0,6.0,,,5.0,7.0,9.0,7.0,10.0,1.0,8.0,,,5.0,,9.0,6.0,,10.0,,0.0,,10.0,,0.0,6.0,0.0,6.0,,0.0,2.0,,2.0,6.0,8.0,,,,7.0,1.0,,,6.0,1.0,,6.0,,,4.0,,,8.0,0.0,10.0,,,0.0,,3.0,,10.0,10.0,3.0,,,,,,,,2.0,0.0,5.0,4.0,5.0,10.0,5.0,,2.0,2.0,5.0,5.0,8.0,,,0.0,,6.0,7.0,,4.0,8.0,3.0,,2.0,2.0,4.0,1.0,4.0
Usuario100,9.0,,8.0,,5.0,,3.0,2.0,,,3.0,2.0,,,,5.0,,5.0,,,3.0,,,4.0,10.0,,10.0,,0.0,9.0,,0.0,,8.0,0.0,,2.0,9.0,10.0,,,,5.0,3.0,8.0,0.0,10.0,,9.0,9.0,,6.0,2.0,2.0,4.0,,4.0,,,,,7.0,5.0,10.0,,1.0,2.0,8.0,8.0,8.0,5.0,6.0,4.0,9.0,,2.0,,6.0,,,2.0,,10.0,7.0,5.0,1.0,,8.0,2.0,0.0,10.0,6.0,2.0,5.0,9.0,,9.0,10.0,8.0,,1.0,,,,9.0,,2.0
Usuario101,9.0,,7.0,5.0,,6.0,4.0,,9.0,,1.0,8.0,3.0,9.0,,,1.0,2.0,10.0,10.0,4.0,,,9.0,4.0,0.0,,,,,,9.0,,7.0,8.0,4.0,,0.0,2.0,4.0,1.0,,10.0,,,,8.0,8.0,,1.0,6.0,1.0,9.0,8.0,4.0,9.0,,,10.0,3.0,6.0,4.0,,,,7.0,,5.0,9.0,,,,6.0,,2.0,,8.0,,,8.0,3.0,2.0,9.0,,,10.0,,,,,10.0,5.0,4.0,5.0,9.0,8.0,1.0,4.0,5.0,,,2.0,,8.0,,10.0,7.0
Usuario102,3.0,,9.0,,0.0,10.0,10.0,7.0,,10.0,7.0,3.0,,,,5.0,,9.0,8.0,2.0,1.0,3.0,7.0,5.0,8.0,,10.0,,,4.0,1.0,9.0,,4.0,,,,4.0,10.0,0.0,,,8.0,10.0,3.0,1.0,2.0,2.0,8.0,8.0,,,2.0,4.0,,2.0,6.0,,3.0,4.0,2.0,,,,,2.0,4.0,3.0,2.0,,,,,8.0,4.0,,,3.0,,0.0,1.0,,,,7.0,10.0,3.0,8.0,,,3.0,3.0,,,9.0,,,,0.0,0.0,,6.0,6.0,0.0,4.0,1.0,3.0
Usuario103,8.0,6.0,10.0,1.0,,,8.0,,,5.0,10.0,6.0,1.0,2.0,5.0,10.0,3.0,9.0,,3.0,6.0,,,,,4.0,,,8.0,10.0,,,0.0,,8.0,,,8.0,,2.0,,1.0,8.0,6.0,4.0,9.0,10.0,5.0,7.0,,,4.0,10.0,,,,8.0,6.0,,3.0,,,7.0,2.0,9.0,,,,6.0,,,1.0,,,7.0,6.0,5.0,,,4.0,8.0,,,3.0,10.0,5.0,,7.0,,9.0,3.0,,0.0,6.0,8.0,,,,3.0,,,6.0,10.0,1.0,9.0,,5.0
Usuario104,,,,4.0,4.0,7.0,9.0,2.0,,0.0,3.0,,4.0,2.0,,,3.0,,,,0.0,5.0,2.0,6.0,4.0,,2.0,,,3.0,,3.0,2.0,4.0,,8.0,3.0,,6.0,,,2.0,7.0,,,,,10.0,8.0,5.0,2.0,9.0,0.0,10.0,4.0,5.0,,,,8.0,8.0,4.0,1.0,3.0,,0.0,,,,,9.0,0.0,8.0,,7.0,9.0,9.0,2.0,3.0,,9.0,5.0,3.0,1.0,2.0,,3.0,3.0,3.0,2.0,3.0,4.0,1.0,9.0,0.0,,9.0,4.0,6.0,,,4.0,6.0,3.0,4.0,,5.0
Usuario105,1.0,,,,,3.0,,,6.0,2.0,,6.0,2.0,10.0,,,3.0,,,9.0,,,,8.0,,10.0,1.0,7.0,3.0,,10.0,,2.0,2.0,,7.0,,,3.0,3.0,0.0,,1.0,1.0,7.0,2.0,4.0,7.0,1.0,5.0,,3.0,,4.0,0.0,1.0,,1.0,5.0,,4.0,,3.0,6.0,,7.0,,,2.0,7.0,0.0,7.0,0.0,,6.0,,5.0,2.0,0.0,,7.0,8.0,4.0,,,,6.0,1.0,,3.0,,,10.0,7.0,2.0,,7.0,,7.0,10.0,3.0,1.0,0.0,,9.0,10.0,8.0
Usuario106,7.0,,4.0,2.0,,,,1.0,7.0,,,3.0,1.0,,0.0,2.0,5.0,8.0,,4.0,8.0,2.0,,5.0,1.0,2.0,8.0,2.0,7.0,,,,7.0,,1.0,3.0,1.0,7.0,5.0,,4.0,4.0,8.0,8.0,1.0,,,6.0,,,4.0,5.0,8.0,9.0,2.0,,7.0,,7.0,,6.0,,8.0,3.0,8.0,10.0,7.0,0.0,6.0,9.0,,,10.0,7.0,1.0,8.0,,,4.0,,,5.0,,,,,1.0,8.0,3.0,,5.0,9.0,,1.0,,8.0,1.0,10.0,0.0,,,,,,8.0,3.0,
Usuario107,9.0,,,1.0,6.0,1.0,,,9.0,4.0,,0.0,10.0,,8.0,9.0,,1.0,3.0,8.0,,0.0,10.0,,,10.0,,7.0,5.0,,3.0,7.0,8.0,8.0,,4.0,,7.0,1.0,,3.0,5.0,,,1.0,4.0,10.0,,7.0,5.0,,,,1.0,6.0,,10.0,,,10.0,8.0,,2.0,5.0,,,,4.0,,1.0,5.0,,0.0,,4.0,,,1.0,8.0,,7.0,10.0,,7.0,9.0,,6.0,,,5.0,,,5.0,10.0,9.0,7.0,,8.0,10.0,,10.0,3.0,,7.0,,4.0,4.0
Usuario108,,5.0,,,,0.0,2.0,7.0,3.0,10.0,,5.0,6.0,9.0,0.0,1.0,6.0,,,8.0,5.0,,,,,8.0,,9.0,10.0,,4.0,4.0,,,2.0,1.0,9.0,3.0,,8.0,7.0,4.0,9.0,,5.0,,6.0,,1.0,2.0,2.0,9.0,,7.0,7.0,9.0,8.0,3.0,,,,,,,,8.0,3.0,,9.0,7.0,4.0,1.0,8.0,2.0,9.0,,0.0,6.0,9.0,,,,2.0,1.0,1.0,6.0,,,,5.0,9.0,3.0,9.0,,,7.0,,,4.0,,7.0,,,7.0,,3.0,
Usuario109,9.0,,,0.0,1.0,,,2.0,,6.0,5.0,9.0,10.0,,7.0,0.0,3.0,3.0,,,,,,,0.0,,0.0,0.0,,2.0,6.0,6.0,,7.0,4.0,,,5.0,3.0,2.0,,3.0,,9.0,9.0,,3.0,,,2.0,10.0,9.0,2.0,5.0,,4.0,,9.0,,8.0,1.0,4.0,3.0,7.0,1.0,2.0,,,,,,2.0,5.0,,,1.0,7.0,,,7.0,,0.0,5.0,,7.0,3.0,,8.0,7.0,8.0,8.0,,2.0,,,5.0,,10.0,,1.0,,8.0,8.0,1.0,6.0,2.0,
Usuario110,10.0,,3.0,10.0,,1.0,6.0,,9.0,2.0,,10.0,,,10.0,,,,8.0,,9.0,,0.0,10.0,,1.0,,0.0,8.0,1.0,3.0,,,,4.0,,7.0,8.0,3.0,4.0,7.0,8.0,1.0,,,9.0,0.0,0.0,,,6.0,7.0,10.0,,4.0,,0.0,,4.0,0.0,7.0,,,2.0,2.0,,8.0,,,,7.0,10.0,,,,10.0,9.0,6.0,8.0,5.0,3.0,,,5.0,6.0,1.0,7.0,,6.0,7.0,3.0,8.0,,6.0,,,7.0,,,0.0,3.0,,1.0,2.0,,7.0,4.0
Usuario111,,0.0,,2.0,9.0,8.0,5.0,4.0,,,5.0,4.0,3.0,0.0,6.0,10.0,,,10.0,,4.0,,4.0,8.0,7.0,0.0,,4.0,8.0,3.0,1.0,,,,3.0,7.0,,10.0,0.0,,,10.0,5.0,,7.0,8.0,0.0,,,8.0,10.0,,4.0,0.0,4.0,,,,,,0.0,6.0,3.0,0.0,,4.0,6.0,8.0,,,,5.0,10.0,2.0,,2.0,10.0,2.0,,0.0,,,1.0,,,7.0,9.0,,6.0,10.0,5.0,1.0,3.0,,10.0,,,,4.0,,,,0.0,,,,4.0
Usuario112,2.0,4.0,,7.0,,,6.0,0.0,5.0,10.0,6.0,6.0,,6.0,,1.0,0.0,2.0,0.0,,7.0,,,1.0,,2.0,1.0,,,0.0,6.0,4.0,,,,10.0,10.0,7.0,2.0,,,6.0,6.0,,,10.0,,,0.0,8.0,4.0,,7.0,2.0,7.0,5.0,,2.0,5.0,,7.0,6.0,0.0,,3.0,,,6.0,10.0,,4.0,,,5.0,,7.0,10.0,7.0,1.0,,,,9.0,6.0,1.0,,,,8.0,,6.0,,,,1.0,,,,,7.0,3.0,,,3.0,9.0,2.0,1.0
Usuario113,4.0,,8.0,,0.0,,6.0,,,4.0,10.0,9.0,,5.0,,1.0,,,,2.0,9.0,,,6.0,,,3.0,5.0,,,,5.0,3.0,9.0,8.0,1.0,5.0,9.0,,5.0,1.0,0.0,,,,6.0,,6.0,2.0,0.0,3.0,,0.0,3.0,,0.0,3.0,,7.0,8.0,4.0,,4.0,2.0,5.0,5.0,,10.0,,,7.0,1.0,,,7.0,,8.0,,4.0,,1.0,6.0,9.0,,10.0,,4.0,,9.0,,,,7.0,1.0,1.0,3.0,8.0,,3.0,5.0,,6.0,,2.0,5.0,4.0,
Usuario114,,4.0,5.0,,,2.0,,,6.0,10.0,,7.0,8.0,,0.0,7.0,,,,0.0,6.0,,3.0,10.0,6.0,,10.0,,4.0,3.0,7.0,7.0,10.0,5.0,,,,7.0,4.0,9.0,10.0,3.0,7.0,,4.0,7.0,,8.0,8.0,10.0,,7.0,,0.0,,1.0,,6.0,,,2.0,6.0,8.0,8.0,9.0,1.0,5.0,3.0,,0.0,1.0,7.0,,,,3.0,7.0,,,,7.0,6.0,9.0,5.0,8.0,,4.0,,4.0,,,,,5.0,,5.0,8.0,0.0,4.0,10.0,,3.0,,5.0,5.0,8.0,
Usuario115,5.0,1.0,1.0,3.0,,5.0,,1.0,4.0,3.0,9.0,5.0,,4.0,3.0,,8.0,5.0,8.0,4.0,,,,5.0,,,,,10.0,0.0,0.0,,,,1.0,9.0,8.0,1.0,,,0.0,,4.0,9.0,9.0,,,6.0,9.0,,8.0,,10.0,,6.0,2.0,6.0,3.0,,5.0,7.0,7.0,2.0,4.0,5.0,,10.0,7.0,2.0,,9.0,10.0,6.0,9.0,6.0,3.0,4.0,10.0,,6.0,5.0,8.0,6.0,,3.0,,,0.0,,7.0,,9.0,2.0,5.0,0.0,1.0,,,3.0,4.0,,,5.0,,,0.0,2.0
Usuario116,5.0,,,,,6.0,8.0,,7.0,3.0,4.0,3.0,7.0,2.0,,2.0,8.0,,,6.0,5.0,5.0,,5.0,,,,3.0,,,4.0,3.0,0.0,,,9.0,3.0,,,,2.0,6.0,,,,,4.0,8.0,7.0,7.0,,,,1.0,4.0,7.0,4.0,,2.0,4.0,5.0,1.0,,,,,,8.0,10.0,3.0,1.0,,,,6.0,1.0,,4.0,,2.0,1.0,9.0,1.0,,,3.0,7.0,6.0,10.0,,7.0,10.0,2.0,7.0,,,5.0,,,0.0,7.0,1.0,,,0.0,5.0,4.0
Usuario117,,,,6.0,3.0,2.0,,2.0,,0.0,,,,1.0,,4.0,1.0,7.0,,6.0,1.0,0.0,,7.0,6.0,8.0,,10.0,10.0,10.0,6.0,6.0,10.0,0.0,9.0,2.0,,8.0,4.0,4.0,,6.0,,,8.0,,,,,,3.0,,8.0,5.0,,,,,2.0,5.0,,7.0,,7.0,0.0,2.0,,1.0,,,3.0,6.0,10.0,,,9.0,7.0,2.0,2.0,,7.0,0.0,6.0,2.0,2.0,0.0,4.0,6.0,,,,5.0,,5.0,,0.0,6.0,,8.0,3.0,0.0,,,4.0,,4.0,
Usuario118,0.0,1.0,4.0,4.0,,,4.0,,7.0,,2.0,1.0,3.0,6.0,,10.0,,4.0,8.0,,3.0,3.0,6.0,9.0,,,,7.0,3.0,4.0,,10.0,4.0,,8.0,1.0,9.0,9.0,4.0,0.0,,,8.0,,8.0,,2.0,,,,8.0,,,1.0,2.0,,4.0,10.0,,,1.0,,0.0,6.0,,0.0,0.0,2.0,0.0,,3.0,1.0,9.0,4.0,,,1.0,,,0.0,1.0,,2.0,,,,,,6.0,8.0,5.0,10.0,,0.0,4.0,,,,,5.0,10.0,,4.0,8.0,3.0,,6.0
Usuario119,,7.0,,,0.0,,,,7.0,,,,,,,,,,,7.0,,3.0,0.0,8.0,,1.0,,,,,1.0,9.0,2.0,4.0,7.0,,,,7.0,,6.0,,,,10.0,9.0,7.0,6.0,,,7.0,8.0,8.0,,6.0,0.0,,8.0,3.0,10.0,,1.0,0.0,0.0,9.0,3.0,,2.0,5.0,2.0,,,,,,2.0,,1.0,4.0,9.0,,,,3.0,8.0,5.0,,3.0,5.0,,3.0,6.0,,2.0,,2.0,,1.0,10.0,,9.0,,5.0,,,,1.0
Usuario120,7.0,4.0,10.0,5.0,5.0,6.0,5.0,3.0,,6.0,9.0,,2.0,7.0,6.0,,3.0,,9.0,4.0,9.0,10.0,1.0,10.0,,8.0,,10.0,7.0,,2.0,8.0,0.0,6.0,0.0,10.0,,,,,7.0,5.0,0.0,10.0,2.0,8.0,,,8.0,3.0,,0.0,7.0,0.0,6.0,9.0,2.0,,,1.0,,0.0,8.0,5.0,,6.0,,5.0,,,0.0,0.0,0.0,0.0,,,,,5.0,,10.0,5.0,5.0,,,7.0,8.0,10.0,,9.0,,1.0,9.0,6.0,,0.0,,,5.0,1.0,,,,,10.0,9.0,
Usuario121,1.0,10.0,0.0,5.0,0.0,,,8.0,8.0,0.0,8.0,,,,6.0,10.0,,8.0,5.0,,,7.0,7.0,,1.0,3.0,,,1.0,9.0,4.0,4.0,,,9.0,,,,7.0,5.0,3.0,,,8.0,2.0,,0.0,0.0,,1.0,0.0,,,0.0,6.0,8.0,7.0,2.0,,,3.0,10.0,,0.0,9.0,,2.0,3.0,,,4.0,3.0,7.0,,1.0,3.0,10.0,8.0,,,,4.0,,6.0,,,,,9.0,,,,2.0,,1.0,5.0,3.0,,9.0,,4.0,7.0,8.0,3.0,8.0,3.0,
Usuario122,2.0,,,2.0,3.0,10.0,10.0,2.0,7.0,4.0,2.0,7.0,,8.0,0.0,,,4.0,,10.0,8.0,5.0,,,5.0,,,8.0,3.0,9.0,,,8.0,9.0,0.0,7.0,,1.0,8.0,9.0,,,9.0,6.0,1.0,0.0,8.0,6.0,3.0,,,,1.0,,,,4.0,,,1.0,,,2.0,,5.0,9.0,7.0,8.0,,8.0,0.0,1.0,,9.0,8.0,8.0,2.0,,10.0,10.0,,8.0,10.0,,8.0,8.0,,3.0,1.0,7.0,,3.0,,1.0,1.0,1.0,4.0,9.0,10.0,0.0,10.0,1.0,4.0,8.0,8.0,,8.0
Usuario123,8.0,6.0,1.0,6.0,,,3.0,,1.0,0.0,,8.0,,5.0,2.0,3.0,,0.0,1.0,,,4.0,,4.0,10.0,,,7.0,,,,0.0,9.0,,,10.0,2.0,,0.0,,9.0,,,,,0.0,10.0,3.0,10.0,3.0,,,0.0,,,,1.0,8.0,,8.0,8.0,,9.0,6.0,6.0,,7.0,8.0,3.0,,,9.0,9.0,3.0,0.0,2.0,,7.0,3.0,8.0,,2.0,9.0,8.0,3.0,5.0,,10.0,9.0,0.0,,7.0,2.0,,0.0,6.0,6.0,0.0,9.0,0.0,,3.0,1.0,7.0,5.0,9.0,0.0
Usuario124,,,1.0,,7.0,,3.0,,1.0,0.0,0.0,1.0,8.0,7.0,10.0,,2.0,6.0,,,3.0,,3.0,6.0,10.0,9.0,7.0,6.0,,,,5.0,8.0,,3.0,,8.0,,,,1.0,0.0,,3.0,3.0,,,,,10.0,9.0,2.0,3.0,8.0,0.0,,,,3.0,8.0,8.0,10.0,,,10.0,6.0,7.0,,5.0,,,2.0,0.0,,10.0,4.0,3.0,4.0,,4.0,4.0,,10.0,2.0,1.0,2.0,5.0,0.0,,8.0,7.0,9.0,,6.0,,2.0,,,3.0,,4.0,1.0,,4.0,,,2.0
Usuario125,,,1.0,,3.0,7.0,3.0,,,3.0,1.0,3.0,3.0,4.0,10.0,,6.0,3.0,,,,1.0,,,9.0,10.0,2.0,2.0,6.0,,5.0,8.0,6.0,,,3.0,,,,6.0,,,1.0,2.0,4.0,0.0,,5.0,,5.0,10.0,1.0,,,9.0,,,5.0,5.0,,,9.0,,,3.0,0.0,,1.0,8.0,10.0,7.0,4.0,0.0,,1.0,7.0,,,,,,,,,10.0,6.0,1.0,,,10.0,8.0,,,5.0,9.0,4.0,7.0,5.0,,4.0,,1.0,,2.0,,,0.0
Usuario126,1.0,3.0,,2.0,8.0,10.0,,,,,2.0,,3.0,8.0,2.0,1.0,8.0,5.0,2.0,,9.0,6.0,9.0,5.0,6.0,7.0,,,,2.0,1.0,4.0,,9.0,4.0,,,,2.0,,5.0,2.0,2.0,6.0,,7.0,,,10.0,9.0,6.0,6.0,,8.0,5.0,8.0,7.0,8.0,3.0,,6.0,9.0,,8.0,4.0,8.0,5.0,1.0,7.0,9.0,10.0,,0.0,0.0,8.0,3.0,6.0,7.0,,4.0,2.0,8.0,,2.0,9.0,0.0,,3.0,0.0,,,8.0,,4.0,9.0,7.0,4.0,3.0,10.0,7.0,,6.0,5.0,1.0,,5.0,3.0
Usuario127,,6.0,1.0,6.0,,8.0,,,10.0,,,8.0,,,,3.0,6.0,4.0,,,,7.0,,,0.0,8.0,,0.0,,2.0,,10.0,6.0,,1.0,10.0,6.0,4.0,,,,,7.0,6.0,,,,3.0,1.0,3.0,2.0,,,6.0,7.0,3.0,9.0,9.0,4.0,,,7.0,,4.0,6.0,,,,10.0,,9.0,,,,1.0,4.0,,,1.0,2.0,2.0,8.0,5.0,7.0,,,7.0,,5.0,,,,3.0,1.0,,1.0,,0.0,3.0,7.0,0.0,9.0,,,8.0,,
Usuario128,,,,9.0,3.0,6.0,,5.0,,,,,3.0,,,,3.0,1.0,,,7.0,3.0,,,8.0,,7.0,9.0,5.0,,,,10.0,5.0,,3.0,0.0,6.0,6.0,3.0,,,,,,4.0,6.0,,,3.0,7.0,9.0,,3.0,,2.0,1.0,8.0,,,,6.0,7.0,5.0,10.0,,5.0,10.0,3.0,9.0,3.0,,0.0,,6.0,,10.0,10.0,,1.0,,8.0,7.0,4.0,8.0,,0.0,3.0,,,6.0,7.0,3.0,,,10.0,9.0,,,,7.0,4.0,,,7.0,,2.0
Usuario129,9.0,,,,4.0,,,,3.0,9.0,,8.0,,0.0,,3.0,,,5.0,,8.0,0.0,,,,1.0,0.0,8.0,6.0,8.0,9.0,8.0,7.0,,,4.0,6.0,6.0,10.0,9.0,5.0,,2.0,1.0,5.0,,,9.0,2.0,7.0,2.0,1.0,6.0,2.0,3.0,,9.0,,,,8.0,,8.0,,2.0,,0.0,8.0,6.0,,,5.0,,5.0,,9.0,,6.0,2.0,2.0,,,2.0,7.0,8.0,7.0,,5.0,,2.0,8.0,,10.0,,4.0,2.0,2.0,,,,,,,10.0,,3.0,5.0
Usuario130,,10.0,,,6.0,,,4.0,6.0,,0.0,,0.0,,,8.0,6.0,3.0,4.0,8.0,,0.0,,0.0,9.0,,10.0,9.0,,,10.0,0.0,10.0,,3.0,,,5.0,6.0,7.0,10.0,2.0,,,0.0,,1.0,4.0,,8.0,,,,,4.0,,,,4.0,6.0,10.0,,3.0,7.0,7.0,,,,,5.0,,9.0,,,,,,,2.0,,6.0,4.0,5.0,,,10.0,1.0,6.0,8.0,5.0,,,,0.0,6.0,6.0,0.0,,10.0,,,,,,,7.0,9.0
Usuario131,2.0,,,,8.0,4.0,,9.0,,2.0,7.0,7.0,,,,10.0,10.0,10.0,8.0,,,,6.0,,5.0,,6.0,,0.0,0.0,10.0,10.0,1.0,,,,0.0,,,2.0,4.0,2.0,6.0,9.0,5.0,9.0,8.0,,,,,8.0,3.0,,10.0,6.0,,10.0,,1.0,0.0,,,4.0,10.0,4.0,7.0,2.0,,3.0,,10.0,7.0,,2.0,6.0,3.0,,1.0,10.0,6.0,10.0,6.0,4.0,,,6.0,10.0,2.0,0.0,2.0,,5.0,3.0,7.0,7.0,,,1.0,,,7.0,,4.0,1.0,3.0,
Usuario132,,,,5.0,1.0,5.0,,7.0,,4.0,2.0,,8.0,,,5.0,9.0,,,1.0,3.0,1.0,5.0,6.0,9.0,6.0,2.0,10.0,,4.0,5.0,,,,,0.0,,,,,6.0,1.0,5.0,,7.0,9.0,4.0,10.0,5.0,10.0,2.0,4.0,,8.0,,,,10.0,9.0,7.0,4.0,2.0,,9.0,7.0,3.0,,5.0,,,0.0,5.0,2.0,,5.0,7.0,10.0,3.0,,7.0,,,,6.0,,,4.0,6.0,,9.0,3.0,0.0,3.0,2.0,7.0,,,0.0,,,,2.0,3.0,6.0,,,0.0
Usuario133,,,10.0,3.0,2.0,3.0,,,,0.0,4.0,,5.0,,9.0,,7.0,5.0,1.0,10.0,10.0,2.0,,,0.0,7.0,7.0,10.0,6.0,10.0,,,3.0,4.0,3.0,7.0,9.0,3.0,9.0,7.0,2.0,4.0,,5.0,,,,9.0,6.0,,4.0,,8.0,9.0,,3.0,2.0,,,6.0,,4.0,6.0,6.0,,3.0,,6.0,4.0,,2.0,1.0,,7.0,,,,,,1.0,2.0,5.0,3.0,,2.0,7.0,10.0,10.0,3.0,9.0,1.0,6.0,5.0,9.0,,9.0,3.0,10.0,,,,8.0,2.0,9.0,,4.0,
Usuario134,,,,3.0,2.0,10.0,10.0,3.0,1.0,,1.0,,,8.0,,5.0,,0.0,2.0,,,9.0,6.0,1.0,9.0,5.0,2.0,,10.0,6.0,2.0,1.0,2.0,,,6.0,7.0,1.0,8.0,8.0,5.0,0.0,4.0,5.0,,10.0,7.0,1.0,8.0,,4.0,6.0,,3.0,4.0,,8.0,,,8.0,4.0,4.0,9.0,4.0,,0.0,1.0,,3.0,5.0,,,10.0,,,,6.0,7.0,4.0,,9.0,0.0,2.0,7.0,,10.0,,,,3.0,,,,,,,,,5.0,5.0,5.0,4.0,0.0,1.0,4.0,10.0,
Usuario135,,,6.0,,,,6.0,,7.0,,7.0,10.0,2.0,,1.0,,,1.0,9.0,7.0,0.0,6.0,2.0,4.0,1.0,4.0,4.0,1.0,8.0,6.0,,6.0,3.0,,7.0,,,9.0,1.0,5.0,,,8.0,,2.0,7.0,8.0,,7.0,,10.0,8.0,4.0,8.0,,4.0,1.0,,,8.0,4.0,8.0,,,,,9.0,,10.0,8.0,,2.0,8.0,,10.0,,5.0,2.0,,,5.0,,6.0,,,,10.0,,,5.0,4.0,6.0,6.0,4.0,,,8.0,4.0,,,,0.0,,8.0,1.0,5.0,2.0
Usuario136,,1.0,2.0,,10.0,,6.0,7.0,10.0,,,,0.0,8.0,,1.0,,8.0,8.0,9.0,,,,,6.0,,6.0,9.0,,3.0,8.0,4.0,6.0,,2.0,,,1.0,10.0,5.0,9.0,,10.0,9.0,8.0,,,9.0,,,,0.0,,4.0,4.0,,8.0,0.0,4.0,4.0,7.0,,,5.0,,5.0,,,9.0,7.0,,4.0,,10.0,,7.0,6.0,0.0,,3.0,,2.0,,7.0,0.0,,,,6.0,1.0,7.0,8.0,1.0,8.0,2.0,10.0,,9.0,,5.0,,0.0,,5.0,4.0,5.0,3.0
Usuario137,,,,10.0,,,4.0,3.0,9.0,4.0,8.0,,4.0,0.0,7.0,,1.0,,,,,3.0,9.0,7.0,,7.0,,,,1.0,0.0,7.0,,,2.0,,,6.0,1.0,,1.0,6.0,9.0,4.0,0.0,7.0,,,,3.0,5.0,4.0,9.0,,3.0,4.0,4.0,5.0,,1.0,6.0,3.0,4.0,1.0,1.0,,,,,6.0,,2.0,8.0,,,1.0,6.0,5.0,,6.0,,,,4.0,,,8.0,8.0,0.0,7.0,,3.0,8.0,7.0,5.0,,5.0,5.0,6.0,5.0,5.0,5.0,5.0,0.0,,1.0,
Usuario138,3.0,,7.0,,9.0,2.0,5.0,4.0,3.0,5.0,4.0,,,,10.0,4.0,0.0,8.0,,,3.0,,,0.0,1.0,5.0,9.0,7.0,,,2.0,6.0,1.0,,7.0,9.0,,,2.0,,,2.0,6.0,6.0,4.0,,,7.0,3.0,9.0,4.0,6.0,9.0,,7.0,10.0,,4.0,,0.0,1.0,9.0,,8.0,10.0,,4.0,,8.0,7.0,1.0,0.0,4.0,3.0,9.0,,,10.0,8.0,7.0,,,6.0,7.0,1.0,4.0,,,7.0,5.0,7.0,,,0.0,0.0,4.0,6.0,,2.0,1.0,0.0,9.0,,,10.0,,
Usuario139,,2.0,,,,,8.0,,3.0,,9.0,0.0,1.0,,3.0,,,,3.0,3.0,10.0,,10.0,0.0,10.0,2.0,,3.0,,4.0,,7.0,1.0,,6.0,9.0,,,5.0,10.0,3.0,6.0,5.0,9.0,5.0,,,,4.0,2.0,9.0,1.0,4.0,7.0,5.0,,8.0,,3.0,7.0,,3.0,9.0,0.0,8.0,4.0,8.0,9.0,9.0,1.0,,2.0,8.0,7.0,,0.0,4.0,,8.0,,3.0,0.0,,1.0,,6.0,6.0,,,7.0,,,9.0,9.0,,5.0,0.0,,,4.0,3.0,,4.0,8.0,,9.0,10.0
Usuario140,4.0,1.0,,7.0,,,,10.0,3.0,,7.0,,1.0,6.0,8.0,5.0,,,1.0,5.0,,,4.0,4.0,,0.0,,,,8.0,10.0,4.0,10.0,5.0,9.0,,4.0,,9.0,2.0,8.0,,1.0,,8.0,3.0,9.0,,0.0,,1.0,,,,8.0,,10.0,9.0,9.0,9.0,7.0,,6.0,6.0,4.0,,,,2.0,3.0,0.0,,10.0,6.0,3.0,,,,6.0,4.0,,,5.0,2.0,,5.0,2.0,8.0,6.0,0.0,,,4.0,,6.0,,9.0,1.0,,,6.0,,,,8.0,,
Usuario141,1.0,3.0,,3.0,4.0,,8.0,1.0,,0.0,5.0,5.0,,,4.0,0.0,1.0,1.0,,0.0,1.0,1.0,8.0,,,,6.0,10.0,,4.0,,,8.0,,5.0,,,1.0,,,9.0,,7.0,2.0,,3.0,,,,4.0,0.0,2.0,6.0,8.0,6.0,2.0,,5.0,10.0,,2.0,,0.0,6.0,5.0,,,10.0,0.0,4.0,,3.0,3.0,6.0,,,2.0,3.0,4.0,3.0,,1.0,8.0,1.0,5.0,3.0,4.0,,9.0,0.0,1.0,9.0,,0.0,7.0,,0.0,3.0,1.0,5.0,,0.0,,10.0,10.0,10.0,
Usuario142,,,,10.0,7.0,,7.0,,4.0,1.0,0.0,6.0,,3.0,,8.0,,7.0,,,4.0,,5.0,5.0,7.0,,6.0,,0.0,6.0,7.0,6.0,,1.0,10.0,10.0,6.0,,,9.0,,,6.0,6.0,,6.0,,6.0,5.0,2.0,,4.0,9.0,,5.0,5.0,6.0,9.0,4.0,4.0,7.0,,7.0,2.0,7.0,8.0,7.0,6.0,,,,9.0,,,2.0,4.0,,,9.0,2.0,0.0,0.0,,9.0,2.0,,,4.0,3.0,0.0,,2.0,,9.0,8.0,10.0,,3.0,,4.0,4.0,8.0,1.0,,3.0,,
Usuario143,1.0,7.0,6.0,9.0,8.0,,9.0,,2.0,8.0,,10.0,,2.0,,,,,10.0,6.0,8.0,9.0,,,,8.0,5.0,,,,1.0,2.0,10.0,7.0,8.0,9.0,6.0,0.0,,6.0,,,,3.0,,,8.0,,5.0,10.0,7.0,,,3.0,1.0,3.0,5.0,0.0,10.0,10.0,,10.0,0.0,6.0,1.0,,,2.0,,3.0,,6.0,6.0,1.0,3.0,,,,0.0,9.0,,,,4.0,5.0,10.0,2.0,10.0,,10.0,,,8.0,1.0,5.0,,7.0,10.0,,,9.0,2.0,,,,8.0,
Usuario144,1.0,10.0,3.0,3.0,,9.0,0.0,1.0,,9.0,10.0,1.0,8.0,,6.0,,3.0,,5.0,,,1.0,0.0,,4.0,0.0,0.0,,,8.0,,,,7.0,5.0,7.0,9.0,,5.0,3.0,8.0,1.0,,2.0,,,,,9.0,7.0,10.0,2.0,5.0,,0.0,6.0,2.0,,,5.0,3.0,,,6.0,0.0,,7.0,,10.0,4.0,2.0,,2.0,,,5.0,,1.0,,9.0,,0.0,2.0,8.0,,10.0,,7.0,5.0,9.0,5.0,0.0,,,1.0,0.0,8.0,,0.0,3.0,,10.0,10.0,8.0,2.0,,3.0
Usuario145,5.0,,,,7.0,0.0,8.0,,,5.0,2.0,,6.0,2.0,,0.0,5.0,,,,4.0,1.0,6.0,7.0,7.0,,,0.0,4.0,,4.0,1.0,7.0,6.0,5.0,,7.0,1.0,,,,,,9.0,7.0,,,6.0,5.0,,2.0,9.0,4.0,7.0,,5.0,,,8.0,9.0,,6.0,6.0,,,7.0,6.0,,1.0,3.0,,0.0,,0.0,10.0,2.0,,,,2.0,8.0,8.0,,,,,7.0,2.0,1.0,,0.0,0.0,,,3.0,0.0,,0.0,,2.0,7.0,,,,,7.0,5.0
Usuario146,,,4.0,1.0,,5.0,3.0,1.0,2.0,10.0,,7.0,3.0,9.0,10.0,,6.0,0.0,,4.0,,1.0,5.0,0.0,3.0,9.0,6.0,9.0,6.0,,7.0,,,,1.0,5.0,10.0,3.0,1.0,2.0,9.0,0.0,6.0,,,2.0,4.0,4.0,,9.0,10.0,,10.0,,9.0,,8.0,,,,,6.0,,2.0,8.0,,9.0,4.0,2.0,,0.0,,,,4.0,,9.0,6.0,9.0,,1.0,,2.0,6.0,2.0,,5.0,,,4.0,1.0,,,,,3.0,10.0,,10.0,10.0,0.0,3.0,0.0,10.0,2.0,7.0,6.0
Usuario147,9.0,,,1.0,9.0,6.0,8.0,8.0,4.0,,3.0,0.0,9.0,8.0,,1.0,,9.0,1.0,6.0,7.0,,5.0,,0.0,2.0,,10.0,6.0,0.0,4.0,8.0,3.0,,1.0,2.0,,,,2.0,3.0,10.0,2.0,0.0,,10.0,10.0,,0.0,,8.0,,,,,1.0,1.0,4.0,4.0,,5.0,0.0,9.0,5.0,8.0,,,1.0,2.0,,2.0,6.0,2.0,,,0.0,10.0,0.0,,,,,,9.0,,,,1.0,2.0,,6.0,9.0,,8.0,3.0,4.0,,2.0,5.0,4.0,8.0,,1.0,1.0,4.0,8.0,
Usuario148,9.0,7.0,,2.0,10.0,,6.0,,8.0,,,,1.0,3.0,4.0,9.0,,1.0,,4.0,1.0,7.0,,,,8.0,,,2.0,,,7.0,0.0,7.0,4.0,6.0,1.0,3.0,4.0,3.0,,1.0,1.0,8.0,,,,3.0,,5.0,9.0,3.0,6.0,1.0,,8.0,,,10.0,8.0,,3.0,1.0,2.0,3.0,,,1.0,8.0,4.0,5.0,,2.0,,7.0,,,6.0,,,4.0,,,0.0,,7.0,,2.0,8.0,1.0,10.0,2.0,,,10.0,3.0,,,7.0,,9.0,0.0,,,9.0,,
Usuario149,1.0,9.0,8.0,6.0,8.0,10.0,,,7.0,3.0,,5.0,,6.0,,6.0,,10.0,,,,,,7.0,,8.0,10.0,,,3.0,8.0,9.0,8.0,,,,6.0,,,,,1.0,2.0,5.0,,1.0,,8.0,4.0,4.0,5.0,0.0,2.0,8.0,,,7.0,,9.0,1.0,,8.0,,9.0,,9.0,5.0,,5.0,7.0,3.0,,4.0,0.0,7.0,4.0,3.0,10.0,8.0,,,0.0,1.0,6.0,7.0,9.0,,,,,9.0,3.0,8.0,9.0,,9.0,10.0,9.0,,0.0,,,5.0,,8.0,,
Usuario150,7.0,,5.0,1.0,5.0,,4.0,10.0,,8.0,2.0,,10.0,9.0,10.0,0.0,,,7.0,2.0,,,,4.0,1.0,8.0,6.0,9.0,,6.0,,7.0,7.0,9.0,,,,,6.0,,,3.0,4.0,4.0,0.0,,,6.0,5.0,10.0,0.0,6.0,9.0,2.0,,7.0,,10.0,,1.0,,7.0,2.0,10.0,0.0,,5.0,6.0,,,1.0,9.0,0.0,8.0,4.0,,8.0,,7.0,9.0,,7.0,7.0,9.0,8.0,,,6.0,4.0,0.0,,9.0,2.0,,,,,10.0,0.0,,,,8.0,1.0,2.0,0.0,
Usuario151,4.0,4.0,2.0,6.0,2.0,5.0,5.0,,,8.0,,9.0,6.0,,,4.0,,,6.0,10.0,3.0,,10.0,,,4.0,,8.0,0.0,,6.0,6.0,,10.0,8.0,4.0,8.0,7.0,,0.0,7.0,6.0,0.0,1.0,1.0,5.0,0.0,,,10.0,,6.0,,,1.0,0.0,,10.0,7.0,,5.0,,4.0,,,9.0,9.0,6.0,7.0,,9.0,,5.0,,8.0,,1.0,1.0,4.0,,7.0,10.0,,,,3.0,1.0,7.0,,,6.0,,,6.0,9.0,7.0,9.0,,9.0,,3.0,,0.0,,10.0,,7.0
Usuario152,5.0,,2.0,4.0,4.0,,3.0,,3.0,1.0,3.0,6.0,3.0,3.0,8.0,0.0,,3.0,10.0,5.0,4.0,0.0,,,6.0,5.0,,,0.0,,0.0,,0.0,2.0,,5.0,,,,8.0,,5.0,1.0,4.0,2.0,4.0,8.0,3.0,,,5.0,10.0,,9.0,4.0,,2.0,,,1.0,5.0,8.0,5.0,,,9.0,7.0,8.0,,7.0,4.0,,5.0,,3.0,,,,3.0,8.0,10.0,,1.0,,,1.0,,7.0,4.0,7.0,10.0,,,10.0,,,7.0,6.0,5.0,0.0,,8.0,,7.0,5.0,7.0,
Usuario153,5.0,8.0,8.0,4.0,0.0,5.0,9.0,0.0,,6.0,7.0,8.0,,0.0,2.0,,2.0,7.0,,3.0,8.0,10.0,7.0,2.0,3.0,1.0,2.0,,2.0,9.0,0.0,6.0,,4.0,,,0.0,3.0,6.0,3.0,1.0,,9.0,,10.0,,7.0,,1.0,8.0,,5.0,0.0,,6.0,,4.0,9.0,,6.0,1.0,10.0,,3.0,,,,,4.0,,3.0,,2.0,,1.0,,6.0,,,10.0,5.0,,,10.0,,,7.0,,,6.0,,,10.0,6.0,,,2.0,,7.0,,3.0,,,2.0,8.0,,
Usuario154,,2.0,8.0,5.0,4.0,,,7.0,,,,2.0,,,10.0,,6.0,3.0,3.0,7.0,8.0,3.0,8.0,9.0,4.0,2.0,,8.0,,,7.0,1.0,1.0,2.0,4.0,2.0,2.0,5.0,,5.0,2.0,6.0,3.0,0.0,0.0,,10.0,6.0,,4.0,,,0.0,1.0,0.0,,10.0,7.0,5.0,,,1.0,0.0,,3.0,9.0,7.0,7.0,,3.0,,,,,2.0,6.0,8.0,,1.0,0.0,,,,9.0,8.0,,,6.0,6.0,10.0,5.0,0.0,3.0,6.0,,,8.0,,2.0,0.0,0.0,1.0,1.0,1.0,,3.0,
Usuario155,,9.0,,6.0,6.0,7.0,7.0,,1.0,,8.0,0.0,4.0,2.0,2.0,5.0,,0.0,2.0,5.0,,3.0,,4.0,3.0,,2.0,9.0,,,2.0,2.0,6.0,,,,,8.0,4.0,,5.0,,,4.0,8.0,,1.0,6.0,5.0,10.0,,1.0,5.0,,6.0,0.0,,,7.0,0.0,6.0,3.0,,,,,,,7.0,9.0,,5.0,0.0,0.0,,1.0,10.0,,6.0,9.0,,,,1.0,3.0,5.0,4.0,7.0,,4.0,7.0,,8.0,6.0,,1.0,,0.0,8.0,,,,5.0,8.0,1.0,,9.0
Usuario156,6.0,,,,10.0,,,0.0,,,,8.0,8.0,,1.0,,0.0,2.0,3.0,,,,,1.0,,,,3.0,5.0,,7.0,,,,,4.0,10.0,,,4.0,10.0,,,2.0,6.0,,6.0,,2.0,9.0,1.0,9.0,3.0,3.0,,,9.0,,6.0,2.0,,9.0,3.0,10.0,,,4.0,1.0,7.0,,9.0,2.0,,0.0,,0.0,,3.0,4.0,,4.0,6.0,8.0,0.0,,,3.0,,3.0,,0.0,8.0,3.0,2.0,10.0,,0.0,6.0,8.0,6.0,,8.0,,,,,2.0
Usuario157,8.0,7.0,7.0,,,10.0,10.0,2.0,,9.0,8.0,,4.0,4.0,,10.0,2.0,2.0,0.0,1.0,4.0,,,5.0,4.0,5.0,5.0,3.0,4.0,,5.0,7.0,,8.0,10.0,10.0,,8.0,,,0.0,1.0,,8.0,0.0,,9.0,9.0,10.0,3.0,6.0,1.0,,4.0,,,,7.0,8.0,2.0,,,0.0,,,,,,1.0,,5.0,5.0,3.0,4.0,10.0,4.0,,9.0,6.0,5.0,1.0,,5.0,,,4.0,,,5.0,,,10.0,8.0,,,5.0,10.0,0.0,10.0,4.0,3.0,4.0,6.0,3.0,7.0,4.0,5.0
Usuario158,0.0,1.0,0.0,2.0,2.0,1.0,2.0,,,,9.0,8.0,,10.0,,,7.0,5.0,,,,,0.0,,,,2.0,,3.0,,4.0,4.0,7.0,3.0,9.0,1.0,,,,4.0,5.0,,5.0,,2.0,,7.0,0.0,,5.0,4.0,3.0,,7.0,3.0,,,,7.0,3.0,,,,2.0,5.0,,,8.0,3.0,3.0,,,1.0,4.0,10.0,7.0,,1.0,,,,4.0,6.0,,,4.0,2.0,0.0,6.0,6.0,1.0,4.0,4.0,,,,10.0,2.0,5.0,0.0,1.0,,,,,,0.0
Usuario159,2.0,,1.0,10.0,10.0,6.0,,6.0,7.0,,,,3.0,7.0,,,,,4.0,,4.0,3.0,7.0,4.0,9.0,0.0,10.0,1.0,0.0,8.0,3.0,,,,,,,,4.0,,,7.0,,,4.0,10.0,10.0,2.0,,8.0,4.0,3.0,0.0,,,,9.0,8.0,4.0,8.0,,7.0,,,2.0,9.0,2.0,2.0,,0.0,3.0,5.0,0.0,0.0,4.0,2.0,,0.0,,,5.0,,,,,9.0,3.0,,,,,5.0,9.0,,,,,,1.0,,,10.0,,6.0,,1.0,
Usuario160,,10.0,8.0,,0.0,5.0,7.0,1.0,,0.0,,,7.0,3.0,,4.0,,,,,4.0,,10.0,8.0,4.0,,10.0,2.0,9.0,,4.0,6.0,9.0,,7.0,,,9.0,,,,6.0,2.0,2.0,,8.0,,0.0,7.0,,9.0,1.0,,,1.0,9.0,9.0,,5.0,,10.0,,8.0,0.0,,,4.0,1.0,,,8.0,,,1.0,0.0,5.0,,,9.0,9.0,9.0,,10.0,3.0,4.0,8.0,4.0,10.0,6.0,3.0,7.0,,2.0,2.0,,,9.0,,8.0,,,1.0,,,7.0,9.0,
Usuario161,,8.0,,,7.0,0.0,,4.0,,,5.0,,,,,0.0,,,,5.0,,7.0,9.0,,0.0,6.0,10.0,,9.0,,0.0,7.0,8.0,9.0,10.0,7.0,4.0,2.0,,,,3.0,,,7.0,9.0,6.0,,3.0,3.0,,4.0,3.0,,,2.0,,,4.0,8.0,10.0,3.0,3.0,7.0,10.0,2.0,0.0,,7.0,10.0,,,,6.0,10.0,4.0,,10.0,9.0,3.0,,,0.0,9.0,,,5.0,6.0,5.0,,,,,8.0,9.0,,,4.0,1.0,0.0,3.0,0.0,,,8.0,7.0,
Usuario162,,7.0,5.0,4.0,,4.0,,6.0,,,,,3.0,8.0,6.0,,1.0,,1.0,,4.0,,4.0,,6.0,10.0,10.0,4.0,10.0,2.0,0.0,6.0,8.0,2.0,4.0,,,,6.0,,,6.0,8.0,7.0,,8.0,,,9.0,9.0,10.0,,1.0,3.0,,,,,2.0,10.0,5.0,10.0,,2.0,6.0,,0.0,,10.0,,,,,7.0,2.0,1.0,2.0,3.0,5.0,2.0,7.0,2.0,4.0,5.0,2.0,,5.0,,,,6.0,10.0,1.0,3.0,,,4.0,,6.0,9.0,1.0,8.0,8.0,4.0,,,2.0
Usuario163,,2.0,5.0,,8.0,,7.0,,,,10.0,1.0,2.0,6.0,10.0,2.0,8.0,,2.0,0.0,9.0,,7.0,7.0,3.0,5.0,7.0,1.0,4.0,,3.0,2.0,1.0,7.0,,,,9.0,7.0,5.0,,6.0,,,6.0,,,3.0,,,5.0,,,8.0,7.0,,8.0,,,0.0,,,1.0,10.0,,,9.0,,,1.0,,0.0,5.0,,,,8.0,,8.0,10.0,,7.0,10.0,,,5.0,7.0,,9.0,5.0,,,,,9.0,,,8.0,,4.0,0.0,3.0,7.0,4.0,,,7.0
Usuario164,,10.0,,,6.0,3.0,6.0,,6.0,,,7.0,1.0,,7.0,,6.0,9.0,,6.0,,5.0,2.0,4.0,0.0,9.0,7.0,1.0,,,9.0,,,0.0,,,1.0,6.0,,,,2.0,7.0,8.0,,7.0,,9.0,1.0,10.0,8.0,4.0,0.0,2.0,4.0,7.0,7.0,8.0,,2.0,,4.0,10.0,,6.0,,5.0,5.0,,,,,4.0,,6.0,,,4.0,,10.0,0.0,,,8.0,,,4.0,,,2.0,3.0,1.0,8.0,,4.0,10.0,,,2.0,,0.0,0.0,1.0,0.0,,,10.0
Usuario165,10.0,1.0,5.0,5.0,9.0,,7.0,3.0,0.0,5.0,7.0,2.0,,7.0,10.0,,4.0,9.0,8.0,8.0,3.0,,,,3.0,,4.0,,,10.0,5.0,10.0,,4.0,0.0,,6.0,,,3.0,,,3.0,,7.0,,8.0,6.0,5.0,,,4.0,7.0,1.0,5.0,5.0,,8.0,5.0,2.0,9.0,,5.0,0.0,10.0,7.0,6.0,,5.0,,6.0,10.0,,,,10.0,,,2.0,,,,8.0,,9.0,3.0,5.0,,9.0,,7.0,7.0,,,6.0,3.0,,10.0,7.0,1.0,,,,,,6.0,4.0
Usuario166,,9.0,1.0,3.0,1.0,9.0,,,,7.0,8.0,4.0,,,,,,9.0,6.0,8.0,2.0,10.0,,,,9.0,,,,,,0.0,,7.0,,5.0,2.0,2.0,8.0,9.0,3.0,4.0,,10.0,6.0,,,,7.0,7.0,2.0,,7.0,,,,1.0,,8.0,3.0,,10.0,6.0,10.0,10.0,10.0,5.0,3.0,,4.0,0.0,,9.0,2.0,,,4.0,10.0,,,2.0,0.0,1.0,6.0,1.0,,3.0,3.0,,0.0,10.0,,,,1.0,,4.0,,,0.0,,1.0,2.0,,4.0,,2.0
Usuario167,,9.0,6.0,,8.0,4.0,10.0,5.0,,4.0,,4.0,5.0,3.0,4.0,,9.0,,6.0,3.0,,0.0,,4.0,9.0,8.0,4.0,,,0.0,8.0,,,,8.0,,5.0,,9.0,7.0,,4.0,3.0,,4.0,,7.0,7.0,10.0,,4.0,9.0,6.0,1.0,7.0,,1.0,,7.0,2.0,,,,,0.0,2.0,,7.0,,3.0,4.0,,1.0,4.0,7.0,,3.0,3.0,,5.0,,9.0,,2.0,3.0,10.0,,10.0,,7.0,,,,,,8.0,,10.0,,,9.0,7.0,,,4.0,3.0,4.0
Usuario168,,9.0,,2.0,2.0,,,7.0,,,7.0,,0.0,8.0,,,8.0,2.0,,10.0,,,2.0,,,,,4.0,,4.0,3.0,,2.0,3.0,,,6.0,,,1.0,,3.0,,10.0,8.0,,8.0,7.0,,,,3.0,5.0,4.0,0.0,3.0,,10.0,9.0,,2.0,9.0,,,5.0,,,,,,9.0,,0.0,8.0,,5.0,2.0,,5.0,9.0,10.0,10.0,2.0,,,,0.0,,10.0,0.0,5.0,6.0,,,,8.0,4.0,9.0,,0.0,2.0,5.0,,,8.0,8.0,4.0
Usuario169,,8.0,1.0,10.0,,10.0,3.0,,,,10.0,1.0,6.0,10.0,5.0,5.0,,,,4.0,4.0,3.0,7.0,2.0,1.0,2.0,6.0,,1.0,0.0,6.0,5.0,4.0,2.0,,,2.0,8.0,,9.0,,6.0,9.0,6.0,10.0,10.0,9.0,7.0,1.0,8.0,7.0,,9.0,,,,9.0,,,1.0,0.0,,5.0,,5.0,,,,0.0,9.0,0.0,8.0,10.0,9.0,9.0,10.0,,,,10.0,2.0,,2.0,,,,2.0,0.0,1.0,,1.0,3.0,8.0,1.0,,,,6.0,2.0,,6.0,0.0,3.0,2.0,4.0,6.0,
Usuario170,1.0,3.0,0.0,,,8.0,5.0,10.0,0.0,5.0,10.0,2.0,,3.0,,2.0,,4.0,,,,6.0,,0.0,0.0,7.0,5.0,0.0,6.0,5.0,6.0,7.0,,7.0,,0.0,,,,4.0,1.0,,5.0,5.0,1.0,,2.0,,3.0,,,,,9.0,,4.0,8.0,4.0,,,,,3.0,7.0,7.0,,3.0,6.0,,3.0,7.0,,2.0,,,,5.0,,9.0,,,1.0,,,,0.0,5.0,9.0,0.0,6.0,3.0,0.0,8.0,0.0,2.0,,,10.0,,5.0,5.0,,4.0,9.0,1.0,,
Usuario171,,10.0,5.0,0.0,9.0,1.0,5.0,,2.0,9.0,5.0,5.0,,6.0,10.0,,1.0,,0.0,8.0,3.0,8.0,,,,,3.0,0.0,5.0,,9.0,5.0,1.0,,,9.0,3.0,8.0,10.0,8.0,4.0,,,3.0,3.0,0.0,,0.0,,,9.0,0.0,,10.0,4.0,,9.0,2.0,0.0,,,9.0,9.0,3.0,,2.0,,1.0,,7.0,5.0,,7.0,9.0,,,4.0,8.0,10.0,,4.0,3.0,,4.0,7.0,,7.0,0.0,4.0,3.0,,,1.0,,3.0,,,3.0,,,,6.0,0.0,,,5.0,0.0
Usuario172,,7.0,7.0,1.0,,,,,8.0,,4.0,7.0,6.0,,,,10.0,,10.0,8.0,8.0,4.0,10.0,0.0,,0.0,,,10.0,6.0,5.0,,,9.0,7.0,1.0,,3.0,,3.0,,3.0,2.0,0.0,,,,,10.0,8.0,7.0,9.0,9.0,8.0,,3.0,7.0,1.0,,,6.0,,,,,9.0,10.0,6.0,,4.0,9.0,10.0,,3.0,7.0,,,3.0,1.0,,7.0,,,0.0,3.0,10.0,3.0,0.0,1.0,7.0,6.0,,,7.0,,5.0,,,8.0,0.0,,1.0,8.0,,6.0,5.0,10.0
Usuario173,1.0,3.0,,0.0,5.0,1.0,0.0,1.0,5.0,2.0,0.0,,5.0,5.0,,,,9.0,7.0,5.0,4.0,,,,4.0,5.0,,10.0,10.0,9.0,,10.0,6.0,5.0,10.0,,7.0,0.0,,9.0,0.0,9.0,10.0,9.0,7.0,,0.0,,,1.0,,1.0,4.0,7.0,,0.0,,,2.0,,7.0,,8.0,0.0,,8.0,8.0,,,1.0,8.0,2.0,,3.0,9.0,,4.0,,,,5.0,1.0,6.0,7.0,,,5.0,10.0,,10.0,,,8.0,0.0,,,3.0,,3.0,3.0,,2.0,,1.0,6.0,,6.0
Usuario174,9.0,,10.0,10.0,,3.0,,2.0,5.0,1.0,,,3.0,2.0,10.0,,7.0,5.0,,,5.0,,3.0,1.0,,,7.0,0.0,1.0,7.0,,6.0,,8.0,10.0,,8.0,2.0,9.0,,,6.0,10.0,,,7.0,1.0,,0.0,,3.0,7.0,2.0,6.0,,,6.0,6.0,,,4.0,,2.0,,,7.0,,,,,,4.0,,,5.0,9.0,,,7.0,4.0,2.0,7.0,8.0,,2.0,2.0,3.0,3.0,9.0,6.0,3.0,,0.0,,3.0,,6.0,,,9.0,0.0,9.0,,,,6.0,0.0
Usuario175,,3.0,,0.0,,3.0,3.0,7.0,6.0,,10.0,,6.0,,,6.0,,2.0,,,4.0,4.0,,10.0,,1.0,,,,3.0,5.0,3.0,,0.0,,,,,6.0,,,9.0,8.0,,1.0,,0.0,,7.0,,4.0,9.0,,,,6.0,1.0,2.0,5.0,9.0,5.0,9.0,,9.0,,10.0,5.0,8.0,,4.0,,0.0,4.0,8.0,1.0,,,3.0,,,2.0,2.0,4.0,,,,,,4.0,,,,,10.0,3.0,,1.0,5.0,3.0,7.0,4.0,4.0,,2.0,,7.0,
Usuario176,7.0,,,,5.0,,4.0,,,,,4.0,,10.0,,5.0,10.0,,,5.0,,5.0,1.0,2.0,5.0,8.0,6.0,1.0,7.0,,3.0,6.0,,1.0,,,,,5.0,7.0,8.0,,1.0,,9.0,,2.0,,2.0,6.0,,,,3.0,7.0,5.0,,,1.0,,,,6.0,9.0,,,10.0,,8.0,3.0,6.0,8.0,,6.0,,10.0,2.0,3.0,0.0,,,,,,8.0,,6.0,,,9.0,8.0,2.0,0.0,,,,1.0,,,10.0,5.0,9.0,,,,10.0,
Usuario177,3.0,10.0,0.0,4.0,5.0,,,6.0,10.0,7.0,,1.0,1.0,,4.0,,,4.0,8.0,,3.0,6.0,6.0,1.0,,6.0,,,,1.0,8.0,,6.0,1.0,5.0,6.0,10.0,1.0,5.0,,4.0,,,,1.0,9.0,,2.0,3.0,8.0,0.0,5.0,6.0,,5.0,5.0,0.0,,,4.0,,,7.0,,7.0,,0.0,,3.0,,,6.0,10.0,8.0,8.0,,,,,,0.0,,10.0,,1.0,,,,6.0,,7.0,0.0,3.0,,10.0,0.0,1.0,10.0,,6.0,,,3.0,,2.0,,
Usuario178,2.0,,7.0,6.0,,4.0,,,4.0,,9.0,,,3.0,4.0,3.0,,3.0,,,0.0,,0.0,,9.0,,,10.0,9.0,5.0,0.0,3.0,6.0,8.0,,2.0,10.0,3.0,,,1.0,4.0,,10.0,5.0,5.0,0.0,0.0,,,5.0,0.0,,,7.0,,,10.0,10.0,6.0,,9.0,6.0,2.0,,,,2.0,4.0,,,,,,0.0,7.0,1.0,,10.0,,,3.0,7.0,4.0,,,5.0,0.0,5.0,,,2.0,8.0,0.0,6.0,7.0,7.0,0.0,8.0,3.0,8.0,3.0,5.0,4.0,0.0,4.0,3.0
Usuario179,,,,,,8.0,8.0,1.0,9.0,,3.0,6.0,6.0,4.0,,10.0,9.0,4.0,1.0,10.0,,,8.0,8.0,6.0,,,,8.0,,,,,,9.0,0.0,,0.0,0.0,,3.0,9.0,2.0,0.0,9.0,,,4.0,8.0,2.0,6.0,,1.0,,1.0,1.0,4.0,9.0,7.0,,5.0,7.0,5.0,1.0,,1.0,1.0,,6.0,8.0,,7.0,5.0,,10.0,7.0,,,3.0,,2.0,6.0,7.0,6.0,3.0,,3.0,,7.0,,0.0,,6.0,10.0,,,2.0,,4.0,3.0,,6.0,0.0,,,,0.0
Usuario180,5.0,,,,2.0,,7.0,,4.0,,9.0,3.0,10.0,7.0,7.0,6.0,10.0,8.0,1.0,4.0,0.0,7.0,1.0,5.0,8.0,,5.0,1.0,4.0,,3.0,,,3.0,,,,1.0,,,,,4.0,9.0,,,6.0,3.0,7.0,10.0,,2.0,,,5.0,,1.0,3.0,2.0,1.0,,8.0,10.0,0.0,8.0,0.0,,,,,,2.0,,,9.0,6.0,,,,2.0,9.0,10.0,3.0,10.0,1.0,,8.0,8.0,2.0,,3.0,2.0,5.0,4.0,,6.0,,7.0,,4.0,9.0,9.0,1.0,8.0,4.0,,
Usuario181,,1.0,,,7.0,4.0,3.0,8.0,,7.0,,0.0,,10.0,,,5.0,,9.0,9.0,9.0,1.0,1.0,9.0,7.0,,0.0,7.0,10.0,4.0,0.0,4.0,,,,,,3.0,,2.0,7.0,1.0,,,,,9.0,0.0,5.0,7.0,,,,,0.0,7.0,2.0,,,7.0,8.0,,2.0,2.0,7.0,,7.0,9.0,10.0,,2.0,,10.0,6.0,6.0,4.0,1.0,,,,,7.0,1.0,,,5.0,,7.0,3.0,1.0,,7.0,2.0,,3.0,3.0,,1.0,0.0,,,9.0,0.0,10.0,5.0,,
Usuario182,1.0,,9.0,7.0,6.0,,3.0,,,7.0,,3.0,,1.0,10.0,,6.0,8.0,2.0,,,,9.0,5.0,4.0,7.0,10.0,,3.0,,6.0,10.0,5.0,1.0,6.0,8.0,,,,7.0,8.0,8.0,10.0,1.0,1.0,,,4.0,7.0,,5.0,5.0,,5.0,3.0,7.0,9.0,8.0,8.0,2.0,,8.0,7.0,6.0,2.0,2.0,8.0,10.0,5.0,6.0,9.0,0.0,,0.0,7.0,4.0,0.0,10.0,,10.0,,,4.0,3.0,,,,10.0,,1.0,5.0,4.0,,6.0,1.0,2.0,4.0,10.0,4.0,9.0,10.0,0.0,4.0,0.0,,5.0,
Usuario183,,9.0,,,,6.0,0.0,6.0,,3.0,,9.0,10.0,1.0,3.0,,5.0,6.0,5.0,,,0.0,0.0,1.0,,0.0,,4.0,4.0,,,2.0,,,9.0,1.0,,4.0,,,1.0,6.0,4.0,9.0,,4.0,5.0,,7.0,,,,0.0,,0.0,,,,,5.0,1.0,,,3.0,2.0,,,2.0,5.0,,,,9.0,,0.0,,4.0,,9.0,10.0,,7.0,,1.0,6.0,,,,,6.0,1.0,4.0,4.0,1.0,,7.0,5.0,10.0,7.0,,,,6.0,1.0,0.0,7.0,
Usuario184,,,,,,2.0,0.0,7.0,6.0,3.0,10.0,10.0,2.0,6.0,8.0,3.0,,,,7.0,9.0,,9.0,0.0,2.0,,2.0,4.0,,6.0,3.0,5.0,9.0,,,,,0.0,,,7.0,5.0,,1.0,10.0,,1.0,0.0,10.0,10.0,9.0,3.0,4.0,5.0,9.0,0.0,,,,,2.0,,,,,,8.0,0.0,7.0,9.0,,9.0,7.0,,8.0,0.0,,5.0,5.0,8.0,6.0,,5.0,,7.0,,4.0,0.0,8.0,,,9.0,,1.0,4.0,5.0,1.0,4.0,7.0,3.0,,,0.0,,,,4.0
Usuario185,0.0,,10.0,0.0,,,,10.0,9.0,7.0,,,8.0,4.0,,3.0,,6.0,6.0,5.0,,,,5.0,1.0,4.0,2.0,,,1.0,,10.0,7.0,6.0,,1.0,,5.0,,7.0,0.0,8.0,6.0,,5.0,7.0,,0.0,,6.0,10.0,8.0,8.0,6.0,4.0,0.0,1.0,,4.0,4.0,,,5.0,5.0,,2.0,9.0,10.0,,3.0,8.0,,,8.0,8.0,4.0,9.0,,0.0,,10.0,,0.0,7.0,8.0,3.0,,2.0,10.0,6.0,9.0,7.0,7.0,10.0,5.0,,,,9.0,,,7.0,8.0,2.0,1.0,2.0,
Usuario186,,6.0,10.0,10.0,0.0,3.0,,1.0,,1.0,,0.0,,,,,1.0,,,,,,,,,6.0,0.0,,9.0,4.0,,,1.0,0.0,,9.0,7.0,6.0,,,,,,1.0,,,4.0,,2.0,,7.0,5.0,8.0,1.0,,0.0,2.0,,,,,2.0,,1.0,8.0,8.0,,,4.0,1.0,8.0,,4.0,,2.0,10.0,0.0,3.0,,4.0,,8.0,,,5.0,,9.0,4.0,0.0,1.0,,8.0,9.0,7.0,6.0,9.0,1.0,10.0,,,0.0,6.0,6.0,8.0,2.0,,
Usuario187,6.0,,1.0,0.0,8.0,,4.0,0.0,0.0,9.0,4.0,,,8.0,1.0,0.0,,5.0,0.0,5.0,3.0,9.0,4.0,,,8.0,,2.0,,7.0,3.0,4.0,,10.0,8.0,3.0,8.0,2.0,3.0,6.0,3.0,,6.0,,,6.0,3.0,2.0,,,8.0,3.0,,3.0,,3.0,,,3.0,,,,2.0,2.0,,4.0,,6.0,,4.0,2.0,10.0,9.0,,,,8.0,1.0,,,,0.0,4.0,,3.0,2.0,5.0,3.0,4.0,2.0,,6.0,,,,0.0,5.0,3.0,6.0,,8.0,,,0.0,,,
Usuario188,10.0,,,7.0,8.0,5.0,4.0,6.0,,10.0,,3.0,7.0,,,1.0,,,9.0,6.0,0.0,8.0,10.0,10.0,1.0,,9.0,,,5.0,,,3.0,4.0,,3.0,,,6.0,,,8.0,10.0,,,,2.0,9.0,2.0,9.0,,10.0,1.0,,,,9.0,10.0,,6.0,0.0,9.0,,,2.0,,8.0,1.0,,7.0,,5.0,,2.0,6.0,,3.0,5.0,,,0.0,4.0,,7.0,6.0,,0.0,8.0,4.0,4.0,0.0,1.0,7.0,3.0,9.0,,,0.0,7.0,,,,,,,3.0,5.0
Usuario189,,,1.0,,8.0,,,,0.0,,2.0,8.0,6.0,9.0,4.0,,8.0,10.0,,7.0,4.0,,10.0,6.0,,,9.0,3.0,,0.0,5.0,10.0,3.0,3.0,,2.0,,,,5.0,,2.0,4.0,10.0,9.0,8.0,7.0,,,,2.0,,,,7.0,0.0,4.0,,10.0,8.0,8.0,,1.0,0.0,2.0,,,4.0,,,2.0,6.0,5.0,3.0,,7.0,1.0,,4.0,2.0,8.0,5.0,4.0,5.0,3.0,,,1.0,,,2.0,,,,,,,7.0,,2.0,,0.0,9.0,3.0,5.0,,
Usuario190,,10.0,,1.0,5.0,,10.0,,,,,4.0,2.0,,,,,9.0,,9.0,,,,0.0,1.0,7.0,4.0,6.0,9.0,7.0,3.0,7.0,3.0,8.0,0.0,7.0,3.0,10.0,7.0,,,,7.0,,8.0,,,,6.0,7.0,,5.0,,1.0,,3.0,4.0,7.0,,1.0,,8.0,0.0,4.0,3.0,,9.0,,8.0,,8.0,7.0,9.0,,,,,,,,7.0,8.0,,0.0,7.0,0.0,5.0,8.0,9.0,10.0,10.0,0.0,,7.0,,1.0,,7.0,5.0,9.0,,,6.0,10.0,7.0,4.0,
Usuario191,1.0,,0.0,0.0,9.0,10.0,5.0,,10.0,,2.0,7.0,,1.0,,,,,8.0,,1.0,,7.0,4.0,8.0,,5.0,5.0,,6.0,,9.0,1.0,,2.0,4.0,,0.0,7.0,,,2.0,5.0,3.0,7.0,,3.0,,6.0,,,,5.0,4.0,6.0,,5.0,,,,,7.0,10.0,,,,6.0,,,1.0,,4.0,,,,6.0,7.0,0.0,3.0,,,,,,,,9.0,,1.0,0.0,,1.0,9.0,5.0,,6.0,,,,,8.0,,10.0,,10.0,7.0,4.0
Usuario192,,3.0,3.0,,,1.0,4.0,,0.0,10.0,9.0,1.0,9.0,,7.0,2.0,2.0,,,6.0,4.0,,8.0,,,0.0,,10.0,9.0,,,,10.0,8.0,,8.0,,,,0.0,8.0,4.0,,,2.0,7.0,9.0,7.0,5.0,,,,,,,2.0,2.0,4.0,,6.0,2.0,,,10.0,,1.0,,6.0,,,7.0,4.0,10.0,10.0,8.0,,0.0,8.0,,,6.0,1.0,4.0,4.0,,,6.0,3.0,9.0,0.0,,,0.0,1.0,,1.0,0.0,5.0,,5.0,,9.0,8.0,7.0,5.0,,0.0
Usuario193,,2.0,8.0,4.0,,,2.0,9.0,,0.0,0.0,1.0,,5.0,1.0,,,,7.0,4.0,6.0,6.0,9.0,,,2.0,0.0,8.0,9.0,,10.0,6.0,3.0,,,,7.0,9.0,8.0,8.0,,10.0,7.0,4.0,5.0,2.0,3.0,10.0,6.0,6.0,9.0,,9.0,,,6.0,3.0,9.0,7.0,5.0,3.0,9.0,2.0,10.0,,5.0,,0.0,6.0,8.0,1.0,,9.0,5.0,9.0,1.0,,1.0,5.0,,,,4.0,,6.0,2.0,2.0,8.0,1.0,2.0,7.0,,,5.0,5.0,,10.0,10.0,8.0,10.0,9.0,,,,,,
Usuario194,,2.0,5.0,0.0,,,1.0,,,6.0,,5.0,,,,0.0,10.0,0.0,,,1.0,10.0,,5.0,9.0,,,8.0,8.0,,,10.0,,,0.0,8.0,,7.0,1.0,,4.0,5.0,,5.0,,,9.0,5.0,5.0,3.0,9.0,,7.0,,,0.0,1.0,0.0,10.0,,,,,,0.0,,,10.0,,,2.0,,8.0,10.0,7.0,5.0,,,1.0,2.0,10.0,10.0,,3.0,3.0,,,,,,,5.0,9.0,,0.0,,,0.0,,1.0,10.0,6.0,0.0,,3.0,0.0,
Usuario195,,10.0,1.0,,,10.0,10.0,0.0,,0.0,1.0,5.0,6.0,9.0,1.0,5.0,1.0,7.0,,,5.0,,,,1.0,3.0,,6.0,4.0,,6.0,,9.0,3.0,,,9.0,5.0,,8.0,,4.0,7.0,7.0,2.0,1.0,8.0,10.0,1.0,,,6.0,4.0,,6.0,7.0,,8.0,2.0,3.0,0.0,10.0,,,4.0,4.0,,0.0,,,6.0,10.0,,0.0,,8.0,9.0,,7.0,,8.0,,9.0,,2.0,4.0,3.0,,0.0,,,10.0,,,1.0,,,2.0,,0.0,,,5.0,7.0,,9.0,4.0
Usuario196,4.0,,9.0,5.0,,6.0,10.0,5.0,,8.0,3.0,,,,,,,5.0,,6.0,2.0,,5.0,0.0,,0.0,8.0,7.0,,,,2.0,,,,,9.0,2.0,1.0,,,,6.0,,,3.0,,5.0,2.0,2.0,10.0,,,5.0,9.0,6.0,,,,9.0,,1.0,,3.0,,,7.0,,7.0,,8.0,,9.0,9.0,,,,9.0,,,2.0,4.0,,5.0,6.0,9.0,0.0,,8.0,10.0,3.0,,,6.0,1.0,0.0,0.0,,1.0,7.0,,,1.0,,,,
Usuario197,,,2.0,7.0,3.0,,,5.0,2.0,,6.0,,,,3.0,,4.0,9.0,10.0,,7.0,3.0,,4.0,5.0,5.0,7.0,,4.0,,6.0,6.0,5.0,0.0,,,0.0,4.0,9.0,,,,1.0,8.0,,,,0.0,,9.0,5.0,9.0,0.0,,0.0,10.0,,,,8.0,8.0,2.0,9.0,10.0,,4.0,,,10.0,1.0,,4.0,,,,,3.0,6.0,1.0,,6.0,3.0,,7.0,,,,2.0,6.0,2.0,,4.0,,8.0,,,,,,,0.0,7.0,1.0,10.0,10.0,5.0,10.0
Usuario198,0.0,6.0,,,,10.0,5.0,,5.0,,9.0,0.0,,2.0,10.0,,8.0,,,6.0,10.0,,,5.0,9.0,9.0,,2.0,0.0,3.0,,,6.0,7.0,,2.0,0.0,,,6.0,,3.0,,0.0,0.0,0.0,10.0,8.0,,,,6.0,6.0,9.0,5.0,7.0,4.0,,3.0,5.0,,,4.0,,,,,9.0,6.0,,2.0,10.0,10.0,,,,9.0,,2.0,,3.0,,,,1.0,0.0,,,1.0,1.0,9.0,4.0,3.0,2.0,8.0,,6.0,1.0,,9.0,5.0,,9.0,5.0,1.0,0.0,
Usuario199,,,,3.0,1.0,,9.0,5.0,,,1.0,0.0,10.0,4.0,1.0,9.0,4.0,5.0,,3.0,1.0,,8.0,8.0,5.0,0.0,,1.0,,10.0,6.0,,,,6.0,,7.0,0.0,3.0,10.0,9.0,8.0,0.0,5.0,6.0,,,,10.0,,,1.0,1.0,,,,,9.0,,6.0,,1.0,8.0,,6.0,,,,,9.0,,,5.0,0.0,,0.0,7.0,7.0,10.0,,8.0,,4.0,6.0,3.0,5.0,4.0,0.0,6.0,,1.0,,,7.0,1.0,,3.0,0.0,10.0,,,,,,9.0,,8.0
Usuario200,0.0,,8.0,7.0,,5.0,,4.0,3.0,,5.0,,2.0,,7.0,,,,7.0,3.0,1.0,0.0,,,,,1.0,9.0,0.0,6.0,5.0,,0.0,7.0,,8.0,3.0,1.0,5.0,8.0,10.0,,,,5.0,,,,8.0,9.0,10.0,5.0,8.0,10.0,2.0,,8.0,,10.0,,,0.0,,,,,3.0,1.0,0.0,2.0,4.0,,0.0,,8.0,,6.0,4.0,,8.0,,,,,,0.0,0.0,4.0,1.0,0.0,0.0,3.0,,8.0,4.0,,8.0,,,,3.0,1.0,,,8.0,7.0,
Usuario201,3.0,8.0,0.0,1.0,10.0,,,0.0,,10.0,2.0,0.0,0.0,9.0,3.0,6.0,,2.0,,3.0,,7.0,,5.0,6.0,4.0,2.0,9.0,4.0,,,3.0,,,,8.0,,9.0,,,8.0,,10.0,1.0,,9.0,3.0,2.0,0.0,0.0,,0.0,10.0,,6.0,5.0,1.0,,7.0,4.0,,,,7.0,6.0,3.0,9.0,3.0,,,,6.0,,,,,2.0,3.0,,8.0,,3.0,2.0,7.0,,,0.0,,6.0,,,,,,,,,4.0,10.0,9.0,,5.0,,6.0,4.0,3.0,8.0
Usuario202,,,10.0,7.0,,1.0,0.0,,9.0,6.0,2.0,2.0,,,0.0,,,,8.0,,8.0,8.0,,,,0.0,3.0,2.0,,,6.0,,,,1.0,0.0,2.0,,5.0,1.0,4.0,,,0.0,8.0,7.0,2.0,0.0,6.0,3.0,10.0,,,5.0,7.0,,1.0,10.0,0.0,,2.0,2.0,9.0,,9.0,,4.0,8.0,3.0,,4.0,,7.0,7.0,,4.0,9.0,,10.0,,10.0,6.0,5.0,4.0,1.0,7.0,9.0,9.0,,2.0,7.0,,1.0,,5.0,10.0,0.0,9.0,4.0,,10.0,,9.0,2.0,,,4.0
Usuario203,6.0,,,4.0,,,,10.0,1.0,3.0,,,4.0,,,,,,1.0,8.0,,,2.0,8.0,9.0,2.0,,,5.0,,10.0,4.0,0.0,5.0,1.0,5.0,10.0,3.0,,0.0,,1.0,3.0,3.0,,,,,8.0,4.0,,10.0,10.0,4.0,,0.0,,2.0,0.0,5.0,,4.0,4.0,4.0,3.0,,,,9.0,2.0,,1.0,3.0,,,0.0,5.0,,,,7.0,0.0,6.0,7.0,,1.0,7.0,9.0,,,,,8.0,,,,,,8.0,3.0,,2.0,1.0,7.0,2.0,,
Usuario204,0.0,0.0,,9.0,,,,5.0,0.0,,,3.0,4.0,,10.0,,8.0,7.0,5.0,3.0,10.0,3.0,,6.0,3.0,8.0,,10.0,,,9.0,8.0,,,3.0,,0.0,,0.0,2.0,,9.0,7.0,9.0,7.0,7.0,,6.0,,7.0,,9.0,,9.0,,,3.0,,0.0,0.0,5.0,6.0,10.0,2.0,9.0,,,5.0,2.0,8.0,9.0,,9.0,5.0,5.0,,,8.0,7.0,7.0,,1.0,,,,9.0,,4.0,,8.0,,9.0,,,2.0,,2.0,,,6.0,5.0,2.0,,,,0.0,6.0
Usuario205,,7.0,7.0,5.0,10.0,,6.0,8.0,7.0,7.0,,6.0,,,,7.0,4.0,,,5.0,10.0,9.0,9.0,6.0,,0.0,,0.0,4.0,1.0,7.0,,4.0,,2.0,,,,8.0,5.0,,,10.0,,5.0,3.0,2.0,,,,,4.0,,,1.0,,6.0,6.0,,3.0,,,,2.0,10.0,6.0,1.0,7.0,9.0,,,2.0,,0.0,9.0,,,,,7.0,,,0.0,0.0,5.0,,1.0,5.0,2.0,5.0,8.0,1.0,,5.0,9.0,0.0,,8.0,,8.0,2.0,5.0,8.0,0.0,,,4.0
Usuario206,10.0,,,,,6.0,,3.0,,,1.0,,1.0,,,,9.0,,6.0,,6.0,,9.0,10.0,8.0,0.0,0.0,8.0,1.0,7.0,,9.0,0.0,3.0,,,6.0,10.0,7.0,6.0,,6.0,9.0,7.0,,6.0,,,,9.0,3.0,,3.0,7.0,6.0,,9.0,,0.0,2.0,0.0,2.0,6.0,,8.0,4.0,3.0,,7.0,7.0,6.0,,4.0,9.0,,4.0,,6.0,,,5.0,,5.0,9.0,5.0,9.0,,5.0,10.0,5.0,,7.0,4.0,,,8.0,4.0,,10.0,,,6.0,,9.0,,0.0,5.0
Usuario207,6.0,3.0,6.0,5.0,7.0,6.0,5.0,7.0,9.0,8.0,1.0,6.0,7.0,,0.0,,7.0,,4.0,5.0,,6.0,,,1.0,0.0,4.0,2.0,,,0.0,9.0,,1.0,9.0,3.0,2.0,8.0,,,0.0,,,,9.0,,4.0,10.0,,4.0,,,4.0,2.0,1.0,9.0,9.0,,4.0,,3.0,1.0,4.0,9.0,,,,,,,,1.0,2.0,4.0,3.0,,,,3.0,,7.0,1.0,4.0,4.0,,1.0,,1.0,6.0,,,6.0,8.0,1.0,,,,5.0,,,9.0,2.0,,0.0,,,5.0
Usuario208,1.0,,4.0,7.0,10.0,4.0,10.0,,,0.0,,,10.0,,0.0,,2.0,0.0,10.0,,,8.0,6.0,,,,,10.0,,,,2.0,6.0,,6.0,6.0,2.0,6.0,8.0,0.0,0.0,7.0,,9.0,,7.0,7.0,,9.0,1.0,2.0,5.0,,6.0,3.0,10.0,10.0,4.0,1.0,,1.0,10.0,6.0,4.0,6.0,2.0,6.0,5.0,1.0,0.0,1.0,,6.0,,3.0,3.0,,,,,3.0,,3.0,9.0,,,,8.0,,2.0,10.0,6.0,1.0,,7.0,,,2.0,,1.0,,,9.0,4.0,7.0,,
Usuario209,,,9.0,,0.0,,,,5.0,2.0,6.0,10.0,6.0,,1.0,9.0,9.0,,,,,,,0.0,,,0.0,,,,3.0,1.0,5.0,,4.0,4.0,4.0,1.0,,9.0,5.0,5.0,,1.0,,3.0,,7.0,7.0,5.0,,3.0,2.0,4.0,9.0,6.0,2.0,,0.0,4.0,6.0,4.0,,3.0,3.0,5.0,2.0,3.0,,7.0,,,2.0,3.0,0.0,1.0,,,4.0,,,,,1.0,3.0,,,,,9.0,3.0,5.0,,,9.0,,5.0,8.0,,8.0,7.0,8.0,5.0,,8.0,4.0,
Usuario210,,1.0,8.0,,2.0,,4.0,,6.0,,4.0,,8.0,7.0,7.0,2.0,5.0,7.0,2.0,,,,0.0,,1.0,2.0,5.0,9.0,,0.0,1.0,,0.0,,6.0,4.0,0.0,,,6.0,2.0,,10.0,3.0,6.0,3.0,7.0,2.0,,,,,9.0,6.0,2.0,9.0,,9.0,,,10.0,6.0,5.0,6.0,,10.0,,5.0,,,4.0,3.0,,0.0,8.0,4.0,2.0,,,3.0,,3.0,3.0,,,,1.0,4.0,5.0,9.0,8.0,,3.0,,8.0,8.0,10.0,5.0,,10.0,7.0,0.0,7.0,1.0,,,4.0
Usuario211,1.0,3.0,,,0.0,10.0,4.0,2.0,,,5.0,,,0.0,2.0,7.0,1.0,,2.0,3.0,4.0,,,,7.0,1.0,3.0,10.0,1.0,,9.0,,,,6.0,1.0,3.0,,1.0,,10.0,10.0,1.0,5.0,5.0,7.0,7.0,4.0,5.0,9.0,0.0,7.0,10.0,,1.0,8.0,,,6.0,9.0,,5.0,7.0,9.0,,7.0,7.0,3.0,9.0,8.0,2.0,3.0,,8.0,3.0,10.0,,1.0,,,,3.0,3.0,8.0,0.0,3.0,7.0,,8.0,7.0,,4.0,,2.0,,2.0,3.0,,,8.0,,1.0,4.0,7.0,6.0,,0.0
Usuario212,5.0,,2.0,3.0,,8.0,10.0,9.0,9.0,,1.0,4.0,,,0.0,,4.0,,,10.0,4.0,,,9.0,0.0,5.0,,1.0,10.0,1.0,,8.0,,,8.0,,8.0,0.0,1.0,,,3.0,,,7.0,,,4.0,,5.0,,,,4.0,4.0,,,7.0,2.0,,4.0,10.0,6.0,6.0,,2.0,,2.0,,4.0,5.0,,1.0,5.0,5.0,10.0,2.0,2.0,,6.0,5.0,,,,3.0,,,10.0,1.0,9.0,,,10.0,,,,6.0,5.0,9.0,10.0,5.0,6.0,3.0,10.0,,3.0,9.0
Usuario213,3.0,,,9.0,5.0,9.0,0.0,,0.0,,10.0,,,5.0,3.0,3.0,,3.0,,6.0,10.0,1.0,2.0,2.0,10.0,10.0,,6.0,0.0,,,3.0,5.0,5.0,2.0,2.0,,8.0,8.0,,3.0,9.0,7.0,,10.0,5.0,,,,10.0,,,,10.0,5.0,10.0,8.0,,5.0,5.0,,,,4.0,,8.0,2.0,,,,10.0,,3.0,5.0,,9.0,1.0,3.0,6.0,,,7.0,5.0,,10.0,,5.0,,,3.0,10.0,0.0,,,,0.0,6.0,,5.0,8.0,,,0.0,7.0,,8.0,1.0
Usuario214,,8.0,3.0,8.0,,8.0,,,,,5.0,,4.0,5.0,1.0,1.0,10.0,3.0,2.0,,8.0,10.0,8.0,9.0,3.0,,,7.0,,,5.0,2.0,7.0,9.0,3.0,,8.0,,7.0,1.0,5.0,9.0,4.0,5.0,3.0,,,10.0,,,,1.0,1.0,1.0,,,7.0,8.0,6.0,1.0,10.0,,7.0,,,8.0,,,9.0,10.0,,2.0,,,,,4.0,4.0,1.0,7.0,,,,,,2.0,2.0,5.0,8.0,,,7.0,,5.0,6.0,10.0,,7.0,,6.0,5.0,,2.0,,2.0,,
Usuario215,,,5.0,3.0,2.0,,8.0,9.0,,6.0,9.0,0.0,2.0,9.0,,,6.0,,1.0,,1.0,2.0,,,5.0,8.0,,1.0,,2.0,2.0,9.0,,,0.0,1.0,4.0,,,,,8.0,1.0,,3.0,1.0,0.0,10.0,,,8.0,,,,9.0,9.0,4.0,9.0,5.0,6.0,9.0,,0.0,2.0,,7.0,2.0,3.0,7.0,9.0,,0.0,10.0,3.0,,,,,9.0,10.0,,,,2.0,,,6.0,10.0,9.0,,3.0,,6.0,10.0,,7.0,,7.0,,,9.0,,7.0,,9.0,,7.0
Usuario216,,3.0,6.0,0.0,,7.0,,1.0,,1.0,2.0,,2.0,5.0,2.0,,10.0,2.0,4.0,,7.0,6.0,4.0,2.0,,5.0,7.0,0.0,3.0,10.0,7.0,10.0,,5.0,,,2.0,7.0,,2.0,2.0,2.0,0.0,5.0,0.0,5.0,,,,1.0,4.0,,,4.0,,,9.0,6.0,7.0,5.0,9.0,,10.0,,,,9.0,10.0,4.0,,4.0,5.0,,9.0,1.0,,,5.0,,,1.0,2.0,6.0,9.0,8.0,0.0,3.0,5.0,4.0,,8.0,4.0,7.0,1.0,,,,5.0,,3.0,3.0,,,,6.0,5.0,8.0
Usuario217,,2.0,,,9.0,,9.0,,,0.0,1.0,1.0,7.0,4.0,4.0,3.0,10.0,,,7.0,10.0,4.0,4.0,,,,4.0,,6.0,,,8.0,6.0,,0.0,6.0,,8.0,4.0,2.0,,,,2.0,0.0,,,,,5.0,8.0,1.0,,,,,,8.0,,3.0,7.0,,,5.0,10.0,,2.0,7.0,8.0,5.0,,6.0,5.0,,,,2.0,,,5.0,1.0,,4.0,2.0,,10.0,10.0,10.0,9.0,,3.0,,,5.0,7.0,4.0,2.0,0.0,,,,,1.0,,7.0,0.0,7.0
Usuario218,3.0,7.0,3.0,,8.0,,7.0,,5.0,,,1.0,7.0,7.0,,2.0,,,4.0,10.0,10.0,6.0,1.0,4.0,,10.0,5.0,2.0,4.0,,,,8.0,,,,,1.0,9.0,,5.0,,,2.0,8.0,2.0,7.0,4.0,,4.0,,,,4.0,1.0,,,1.0,3.0,6.0,10.0,3.0,,2.0,,,4.0,9.0,1.0,,,5.0,,,3.0,10.0,7.0,,9.0,,,5.0,8.0,6.0,0.0,7.0,8.0,1.0,2.0,0.0,10.0,6.0,,3.0,4.0,,4.0,10.0,3.0,0.0,,,,,,,
Usuario219,5.0,1.0,6.0,,,,3.0,8.0,,10.0,1.0,3.0,,10.0,6.0,10.0,8.0,,,2.0,,6.0,7.0,,,,,2.0,,0.0,,,4.0,0.0,,,,,,,,,5.0,,10.0,,9.0,,,8.0,,8.0,,5.0,,5.0,1.0,1.0,9.0,4.0,5.0,9.0,4.0,,1.0,2.0,,6.0,0.0,8.0,9.0,6.0,7.0,9.0,8.0,,1.0,8.0,5.0,10.0,6.0,9.0,,0.0,,6.0,0.0,,4.0,2.0,,,7.0,3.0,6.0,7.0,,1.0,,10.0,2.0,,8.0,,9.0,7.0,
Usuario220,8.0,,,4.0,9.0,,7.0,8.0,,,3.0,0.0,0.0,,4.0,,3.0,1.0,7.0,9.0,4.0,10.0,,0.0,,,,8.0,5.0,,,4.0,6.0,0.0,7.0,,0.0,8.0,4.0,,,8.0,,6.0,6.0,10.0,1.0,0.0,7.0,,,6.0,7.0,,0.0,,0.0,0.0,,5.0,2.0,,3.0,,8.0,2.0,,9.0,,7.0,1.0,3.0,4.0,2.0,6.0,7.0,10.0,0.0,,9.0,9.0,3.0,10.0,,,,5.0,3.0,7.0,6.0,,,,3.0,,1.0,3.0,4.0,,3.0,3.0,10.0,,5.0,2.0,,2.0
Usuario221,3.0,0.0,,,,2.0,,,5.0,0.0,7.0,,1.0,,,,7.0,1.0,,8.0,7.0,,,,2.0,,3.0,0.0,6.0,0.0,,,,1.0,5.0,,2.0,,,2.0,,,2.0,6.0,3.0,9.0,,6.0,0.0,1.0,,3.0,0.0,1.0,2.0,0.0,,,10.0,10.0,,6.0,2.0,0.0,10.0,10.0,,7.0,9.0,,10.0,,6.0,,3.0,5.0,0.0,7.0,10.0,,7.0,,,6.0,8.0,8.0,,5.0,,,,4.0,,5.0,,,1.0,8.0,0.0,,1.0,0.0,6.0,4.0,,,6.0
Usuario222,,,7.0,,,,,7.0,8.0,,,0.0,2.0,1.0,2.0,,3.0,,1.0,10.0,0.0,,5.0,7.0,,1.0,,,,7.0,,,9.0,6.0,1.0,9.0,,8.0,6.0,0.0,5.0,5.0,10.0,,,,,,,,2.0,,,8.0,,,,4.0,,10.0,,4.0,,1.0,2.0,6.0,7.0,1.0,,,3.0,3.0,,,7.0,7.0,,1.0,2.0,6.0,,5.0,,7.0,8.0,5.0,4.0,,5.0,6.0,,4.0,9.0,,10.0,,,10.0,7.0,2.0,2.0,6.0,7.0,,10.0,7.0,0.0
Usuario223,6.0,3.0,,,8.0,8.0,0.0,,,4.0,10.0,0.0,7.0,,10.0,8.0,,2.0,,6.0,9.0,8.0,4.0,,7.0,3.0,,6.0,,,,,5.0,3.0,,6.0,5.0,,,4.0,,6.0,7.0,,1.0,,7.0,,0.0,8.0,,1.0,2.0,0.0,,0.0,,,,,,6.0,3.0,4.0,5.0,0.0,,1.0,,,4.0,,,,,0.0,,,,,,2.0,9.0,8.0,10.0,4.0,,,5.0,3.0,,,,6.0,10.0,9.0,0.0,,10.0,9.0,6.0,5.0,0.0,5.0,1.0,6.0,
Usuario224,,8.0,,1.0,9.0,9.0,,,2.0,,,2.0,2.0,,8.0,,,2.0,,,4.0,0.0,10.0,,,,0.0,,10.0,0.0,3.0,4.0,,10.0,1.0,8.0,1.0,,0.0,,4.0,9.0,0.0,2.0,1.0,5.0,8.0,0.0,1.0,2.0,4.0,,10.0,,,1.0,9.0,6.0,,,,4.0,,,,7.0,6.0,6.0,7.0,,10.0,,3.0,,7.0,,9.0,,2.0,4.0,1.0,,7.0,3.0,1.0,9.0,,8.0,3.0,,6.0,,5.0,,3.0,,,1.0,,9.0,,6.0,,10.0,,,
Usuario225,,4.0,8.0,8.0,,6.0,4.0,0.0,10.0,7.0,,0.0,4.0,2.0,,,,,2.0,6.0,8.0,6.0,6.0,4.0,2.0,3.0,4.0,6.0,4.0,2.0,,9.0,5.0,4.0,9.0,,,4.0,2.0,,,1.0,8.0,6.0,1.0,7.0,,,,0.0,0.0,,,6.0,10.0,5.0,9.0,2.0,7.0,,7.0,3.0,,5.0,,,,,7.0,,10.0,,7.0,4.0,3.0,4.0,,,6.0,,,,9.0,3.0,10.0,5.0,4.0,,,10.0,1.0,,,,3.0,,6.0,2.0,5.0,6.0,7.0,,,,9.0,0.0,5.0
Usuario226,,,10.0,1.0,3.0,,,,9.0,,,7.0,,5.0,6.0,,0.0,1.0,,2.0,0.0,8.0,7.0,10.0,,5.0,3.0,7.0,3.0,,6.0,7.0,,,0.0,2.0,0.0,,3.0,,2.0,,8.0,8.0,4.0,4.0,2.0,2.0,,,10.0,,9.0,10.0,,,3.0,5.0,,9.0,7.0,,9.0,8.0,,0.0,,2.0,1.0,1.0,7.0,0.0,9.0,9.0,1.0,,9.0,,,10.0,0.0,3.0,,2.0,2.0,,5.0,,9.0,7.0,9.0,,7.0,,,5.0,2.0,7.0,4.0,,4.0,4.0,,5.0,10.0,5.0,
Usuario227,,5.0,,1.0,9.0,0.0,6.0,,0.0,9.0,10.0,2.0,,5.0,10.0,2.0,6.0,,,,4.0,8.0,,,9.0,6.0,,,2.0,4.0,10.0,,1.0,3.0,4.0,3.0,,7.0,8.0,9.0,,7.0,,,8.0,10.0,,0.0,0.0,,6.0,,7.0,,3.0,7.0,8.0,10.0,,,9.0,9.0,,,4.0,9.0,4.0,8.0,,,10.0,,6.0,,5.0,3.0,0.0,,3.0,2.0,10.0,,,,1.0,8.0,,,5.0,2.0,,,,1.0,3.0,5.0,2.0,10.0,6.0,,8.0,,3.0,9.0,,0.0,
Usuario228,,9.0,1.0,,3.0,4.0,0.0,,4.0,,3.0,4.0,,,,4.0,,1.0,0.0,7.0,0.0,9.0,6.0,8.0,3.0,,0.0,,1.0,9.0,8.0,9.0,4.0,1.0,10.0,,,8.0,,8.0,,8.0,,10.0,,,8.0,,,,6.0,,1.0,0.0,,1.0,,4.0,9.0,4.0,3.0,7.0,2.0,9.0,7.0,6.0,5.0,2.0,3.0,4.0,,9.0,2.0,2.0,6.0,7.0,6.0,,4.0,5.0,1.0,6.0,5.0,10.0,,1.0,9.0,,1.0,,10.0,,3.0,3.0,,,3.0,,1.0,,3.0,6.0,,,5.0,0.0,
Usuario229,,9.0,4.0,2.0,,6.0,,,2.0,4.0,,3.0,3.0,4.0,,,7.0,0.0,8.0,3.0,,10.0,9.0,,9.0,,,,9.0,8.0,5.0,4.0,10.0,4.0,1.0,9.0,,6.0,2.0,3.0,2.0,,,2.0,,6.0,0.0,2.0,,10.0,5.0,9.0,,5.0,5.0,4.0,7.0,6.0,,,5.0,0.0,6.0,5.0,,9.0,,10.0,,,4.0,10.0,2.0,,8.0,9.0,,,,2.0,,,4.0,8.0,8.0,7.0,,,2.0,0.0,10.0,10.0,,,,10.0,1.0,,9.0,,9.0,,,9.0,7.0,3.0,9.0
Usuario230,,6.0,,1.0,5.0,,6.0,,,4.0,,1.0,0.0,10.0,4.0,0.0,5.0,5.0,,7.0,,7.0,10.0,5.0,7.0,,3.0,3.0,0.0,1.0,,9.0,6.0,,,1.0,,,,5.0,7.0,3.0,5.0,4.0,1.0,,,,,3.0,8.0,0.0,,9.0,4.0,,4.0,3.0,,9.0,5.0,8.0,2.0,4.0,0.0,9.0,0.0,2.0,2.0,,,,,,,,,,2.0,,7.0,,8.0,6.0,,,9.0,3.0,,9.0,7.0,5.0,1.0,8.0,10.0,8.0,4.0,3.0,,,3.0,,,,,,6.0
Usuario231,,,1.0,,,,,6.0,8.0,6.0,1.0,,0.0,,0.0,10.0,5.0,5.0,7.0,8.0,,6.0,,6.0,0.0,,1.0,,,,8.0,,,5.0,10.0,,,10.0,,,,,,6.0,,4.0,6.0,3.0,,3.0,0.0,9.0,6.0,,6.0,,,,10.0,,10.0,3.0,3.0,,2.0,,8.0,5.0,,7.0,5.0,6.0,2.0,,,5.0,0.0,5.0,,2.0,,,,6.0,6.0,,2.0,,2.0,,,,4.0,,,,,,1.0,,6.0,4.0,6.0,0.0,2.0,1.0,
Usuario232,5.0,5.0,9.0,,0.0,10.0,2.0,,10.0,10.0,8.0,8.0,0.0,,6.0,7.0,6.0,,,,,7.0,,,,6.0,2.0,,,,0.0,10.0,5.0,,1.0,4.0,8.0,6.0,,0.0,,,4.0,6.0,8.0,,5.0,4.0,5.0,6.0,,0.0,,3.0,,,6.0,4.0,1.0,1.0,5.0,5.0,6.0,,,,,3.0,,,9.0,0.0,,5.0,0.0,,2.0,,0.0,6.0,,1.0,10.0,10.0,,2.0,,6.0,,10.0,,,,10.0,4.0,,10.0,,2.0,,4.0,,,9.0,7.0,,
Usuario233,,,6.0,10.0,,7.0,3.0,7.0,,,,,8.0,5.0,8.0,,1.0,,,,9.0,,,2.0,,5.0,1.0,10.0,,7.0,2.0,4.0,8.0,4.0,,6.0,,,6.0,,,,,,9.0,,1.0,9.0,,7.0,,,,7.0,5.0,9.0,8.0,,10.0,,7.0,,0.0,9.0,2.0,4.0,2.0,10.0,5.0,4.0,7.0,10.0,5.0,6.0,4.0,8.0,3.0,1.0,,,,9.0,,3.0,9.0,,,10.0,,,,0.0,7.0,,,,,9.0,10.0,,1.0,7.0,9.0,1.0,2.0,1.0,
Usuario234,,6.0,2.0,7.0,,10.0,2.0,,0.0,4.0,7.0,1.0,4.0,5.0,,1.0,7.0,1.0,,,7.0,,,,,,,,,3.0,,,1.0,10.0,6.0,,3.0,0.0,10.0,,0.0,0.0,6.0,6.0,,2.0,0.0,,10.0,6.0,,,5.0,,8.0,,,0.0,,,10.0,5.0,8.0,1.0,2.0,,3.0,,8.0,4.0,,7.0,1.0,,,9.0,6.0,,,,2.0,0.0,9.0,2.0,,6.0,,7.0,,,9.0,,2.0,6.0,,0.0,,,,,,6.0,5.0,2.0,7.0,2.0,
Usuario235,6.0,4.0,10.0,,9.0,2.0,4.0,10.0,,6.0,3.0,,2.0,,1.0,10.0,5.0,5.0,0.0,,,9.0,8.0,,,4.0,3.0,10.0,10.0,7.0,,5.0,,2.0,6.0,5.0,2.0,0.0,,0.0,9.0,4.0,4.0,4.0,8.0,0.0,3.0,10.0,9.0,,0.0,10.0,8.0,3.0,,8.0,,0.0,,,8.0,6.0,3.0,,10.0,3.0,1.0,9.0,,1.0,,,,10.0,10.0,2.0,1.0,1.0,1.0,5.0,,,,2.0,3.0,,,9.0,,,,,,,,,3.0,,,,4.0,,,,5.0,3.0,
Usuario236,,8.0,,7.0,,,,,,,0.0,2.0,10.0,5.0,,9.0,6.0,4.0,7.0,,1.0,,1.0,9.0,10.0,,,,6.0,,9.0,4.0,0.0,,6.0,8.0,9.0,,,,,9.0,,2.0,,9.0,,,,10.0,8.0,1.0,8.0,,2.0,10.0,,,4.0,,5.0,7.0,1.0,1.0,0.0,0.0,,,7.0,0.0,,7.0,10.0,,,,0.0,,,4.0,7.0,6.0,,9.0,,,,,,,7.0,,9.0,0.0,8.0,9.0,4.0,0.0,,,6.0,,,6.0,3.0,0.0,
Usuario237,10.0,,,0.0,9.0,10.0,,,9.0,,9.0,,,3.0,7.0,5.0,3.0,7.0,8.0,7.0,,6.0,1.0,,,0.0,3.0,,0.0,5.0,,,10.0,2.0,2.0,4.0,6.0,8.0,,8.0,,,10.0,,10.0,6.0,2.0,4.0,,9.0,2.0,9.0,9.0,6.0,,9.0,1.0,,8.0,,9.0,,,8.0,,5.0,6.0,,6.0,,9.0,,,,3.0,,10.0,,,,,6.0,0.0,,,7.0,,,4.0,9.0,2.0,,4.0,9.0,5.0,,10.0,0.0,,7.0,9.0,0.0,4.0,,10.0,,0.0
Usuario238,6.0,,,1.0,10.0,7.0,0.0,3.0,9.0,8.0,,,,10.0,,4.0,4.0,10.0,,1.0,,6.0,3.0,7.0,5.0,,8.0,,0.0,6.0,,,6.0,,10.0,,4.0,7.0,8.0,5.0,6.0,9.0,,,,3.0,,2.0,,,,9.0,3.0,8.0,,,,3.0,,,,0.0,4.0,1.0,4.0,,8.0,4.0,,7.0,,,,3.0,3.0,,4.0,6.0,10.0,,4.0,,4.0,,4.0,3.0,,8.0,8.0,,10.0,3.0,3.0,,2.0,9.0,,,,4.0,0.0,,7.0,9.0,,6.0,5.0
Usuario239,1.0,6.0,2.0,0.0,,,,3.0,5.0,5.0,9.0,2.0,,2.0,3.0,10.0,2.0,,3.0,,7.0,1.0,9.0,,8.0,7.0,5.0,,,7.0,2.0,0.0,,,,7.0,8.0,,6.0,9.0,0.0,10.0,1.0,3.0,2.0,6.0,,,9.0,7.0,9.0,8.0,,1.0,,9.0,4.0,0.0,4.0,,,10.0,9.0,,3.0,,0.0,4.0,,,,5.0,8.0,5.0,8.0,10.0,,,,2.0,,,0.0,,,,,8.0,,,7.0,6.0,1.0,9.0,6.0,8.0,3.0,,,5.0,2.0,8.0,2.0,,7.0,,
Usuario240,,,,2.0,7.0,7.0,0.0,,4.0,4.0,,10.0,4.0,7.0,,8.0,0.0,7.0,8.0,8.0,9.0,,0.0,,5.0,,4.0,,,,8.0,,,8.0,9.0,0.0,,0.0,3.0,7.0,9.0,,,1.0,8.0,6.0,1.0,,5.0,5.0,,0.0,,3.0,10.0,1.0,9.0,7.0,2.0,3.0,4.0,7.0,,3.0,,,,8.0,1.0,0.0,1.0,,,,,7.0,7.0,2.0,,,9.0,,,2.0,,4.0,,,8.0,5.0,3.0,0.0,10.0,6.0,,6.0,,,,,0.0,,1.0,9.0,5.0,9.0,6.0
Usuario241,9.0,8.0,,,,9.0,2.0,,2.0,2.0,4.0,,8.0,,,,8.0,,3.0,7.0,,2.0,7.0,3.0,10.0,3.0,2.0,4.0,,2.0,,2.0,3.0,,3.0,6.0,7.0,,6.0,,,4.0,,3.0,0.0,,,10.0,4.0,,5.0,3.0,0.0,1.0,,0.0,,9.0,2.0,3.0,,0.0,8.0,,4.0,7.0,9.0,9.0,,3.0,2.0,10.0,,8.0,,5.0,,,,9.0,3.0,10.0,,0.0,10.0,,6.0,3.0,,,3.0,9.0,2.0,3.0,,5.0,,0.0,7.0,7.0,7.0,6.0,3.0,3.0,,7.0,4.0
Usuario242,0.0,,,,7.0,4.0,1.0,,3.0,,2.0,,1.0,,8.0,,,,5.0,,,3.0,0.0,2.0,,8.0,,7.0,10.0,6.0,,2.0,7.0,,9.0,2.0,,,1.0,0.0,9.0,6.0,5.0,10.0,,,1.0,9.0,,4.0,,5.0,4.0,5.0,,,5.0,3.0,1.0,,,5.0,,,,3.0,,6.0,4.0,9.0,7.0,,,,8.0,,,,,6.0,9.0,6.0,10.0,4.0,5.0,,7.0,7.0,4.0,7.0,,,1.0,2.0,4.0,,,,,1.0,1.0,8.0,10.0,,5.0,,
Usuario243,,8.0,,3.0,6.0,10.0,9.0,1.0,3.0,5.0,3.0,10.0,8.0,2.0,,3.0,,5.0,5.0,,0.0,5.0,,1.0,1.0,,,10.0,10.0,6.0,3.0,,,3.0,8.0,5.0,1.0,,,8.0,1.0,,0.0,3.0,2.0,8.0,8.0,,,,6.0,8.0,10.0,8.0,3.0,1.0,,5.0,,,4.0,5.0,,,,0.0,3.0,,,7.0,2.0,0.0,1.0,3.0,6.0,,10.0,10.0,1.0,,7.0,,4.0,2.0,0.0,,7.0,,,4.0,,,10.0,,3.0,0.0,1.0,2.0,,,10.0,,3.0,3.0,,,
Usuario244,,,2.0,,,,,,5.0,9.0,,,,,10.0,5.0,7.0,2.0,10.0,,,7.0,,,5.0,,,0.0,,0.0,,8.0,1.0,2.0,,,,0.0,9.0,,,0.0,,8.0,5.0,,4.0,,10.0,10.0,10.0,,,,6.0,8.0,0.0,9.0,4.0,0.0,,,,4.0,0.0,,7.0,4.0,10.0,,3.0,,,1.0,,6.0,1.0,,10.0,6.0,4.0,9.0,,,6.0,1.0,,3.0,,6.0,,,,2.0,1.0,4.0,10.0,,,0.0,3.0,,,10.0,1.0,,0.0
Usuario245,8.0,,1.0,,,5.0,2.0,,,0.0,8.0,8.0,10.0,,7.0,,2.0,6.0,5.0,3.0,8.0,,,8.0,2.0,,5.0,1.0,5.0,7.0,0.0,,8.0,,7.0,,9.0,3.0,6.0,,2.0,,3.0,1.0,8.0,2.0,0.0,2.0,4.0,,8.0,3.0,,,,5.0,8.0,0.0,,6.0,5.0,2.0,10.0,7.0,9.0,9.0,8.0,,3.0,2.0,,2.0,5.0,6.0,3.0,,8.0,,4.0,,,,4.0,,9.0,9.0,1.0,,,3.0,9.0,5.0,5.0,7.0,7.0,5.0,,,6.0,,,6.0,9.0,9.0,2.0,,
Usuario246,,,5.0,4.0,2.0,2.0,,8.0,,8.0,8.0,2.0,,10.0,,,2.0,3.0,2.0,6.0,4.0,9.0,8.0,10.0,,8.0,,,,,9.0,9.0,0.0,4.0,,,7.0,5.0,,10.0,7.0,9.0,3.0,3.0,9.0,,10.0,4.0,8.0,5.0,8.0,,4.0,4.0,,6.0,,,,5.0,,,10.0,0.0,,,,,,,,4.0,,5.0,,3.0,1.0,9.0,,10.0,,1.0,,,,8.0,1.0,,7.0,8.0,1.0,1.0,,8.0,,4.0,9.0,,2.0,,,9.0,,0.0,3.0,,2.0
Usuario247,,5.0,7.0,,6.0,,9.0,,4.0,6.0,9.0,,4.0,,,4.0,5.0,,0.0,,1.0,7.0,,,2.0,8.0,9.0,0.0,,,6.0,,,,5.0,3.0,,2.0,2.0,7.0,4.0,0.0,3.0,3.0,2.0,,0.0,,2.0,,2.0,,2.0,,6.0,,5.0,0.0,1.0,8.0,1.0,5.0,7.0,4.0,4.0,,,3.0,,,7.0,5.0,7.0,,0.0,3.0,6.0,7.0,2.0,,,,3.0,3.0,5.0,,,,,4.0,,5.0,,,4.0,,,2.0,,,,5.0,,9.0,10.0,2.0,
Usuario248,4.0,8.0,0.0,,7.0,0.0,,,,,,7.0,,1.0,,,2.0,3.0,5.0,,3.0,8.0,10.0,4.0,,,8.0,8.0,,4.0,,4.0,,,5.0,4.0,,3.0,0.0,6.0,10.0,9.0,,1.0,,,0.0,3.0,,,1.0,7.0,4.0,,10.0,,3.0,5.0,7.0,,6.0,6.0,,10.0,,0.0,0.0,,,7.0,9.0,,,1.0,,,,,9.0,2.0,7.0,6.0,9.0,,,6.0,0.0,0.0,,5.0,1.0,,,,10.0,8.0,2.0,1.0,6.0,,,4.0,,,6.0,5.0,4.0
Usuario249,0.0,,,7.0,0.0,,,,4.0,7.0,0.0,4.0,0.0,,2.0,0.0,6.0,,,,2.0,9.0,,,9.0,7.0,10.0,,9.0,,,3.0,,6.0,,4.0,2.0,2.0,5.0,10.0,,10.0,,,6.0,4.0,9.0,4.0,7.0,10.0,,10.0,8.0,3.0,9.0,,0.0,9.0,3.0,,,,9.0,,6.0,9.0,5.0,9.0,,,4.0,8.0,,2.0,8.0,,,7.0,7.0,,3.0,,,,,,,8.0,,3.0,1.0,7.0,,,,,,6.0,4.0,4.0,5.0,3.0,2.0,,7.0,0.0,8.0
Usuario250,9.0,,,,6.0,,5.0,4.0,2.0,8.0,,,,6.0,9.0,9.0,,6.0,5.0,,9.0,,8.0,2.0,2.0,4.0,4.0,5.0,4.0,,0.0,3.0,9.0,,1.0,,,,4.0,3.0,,9.0,,0.0,,,7.0,3.0,,,1.0,1.0,0.0,,10.0,2.0,,,1.0,1.0,0.0,,9.0,,8.0,,9.0,4.0,3.0,,,,8.0,,8.0,,10.0,,3.0,,1.0,10.0,2.0,4.0,2.0,10.0,8.0,7.0,,6.0,,5.0,2.0,,,,,,8.0,7.0,8.0,4.0,,,,,
Usuario251,0.0,,2.0,,9.0,7.0,,10.0,,7.0,5.0,9.0,2.0,,,,,0.0,,6.0,4.0,1.0,10.0,3.0,1.0,,,,,0.0,7.0,,1.0,1.0,,10.0,,,4.0,5.0,,3.0,2.0,9.0,8.0,,7.0,6.0,,,,,,7.0,,4.0,,8.0,,2.0,4.0,5.0,5.0,6.0,2.0,7.0,,2.0,7.0,8.0,6.0,1.0,,6.0,,,10.0,3.0,,6.0,9.0,4.0,2.0,,7.0,,2.0,,10.0,2.0,4.0,,,,6.0,0.0,,4.0,10.0,10.0,8.0,,,7.0,7.0,0.0,
Usuario252,7.0,5.0,,,0.0,9.0,10.0,,6.0,,9.0,,10.0,7.0,6.0,,,,0.0,1.0,,9.0,,6.0,6.0,7.0,,9.0,10.0,1.0,,1.0,8.0,3.0,,,,,0.0,1.0,4.0,,,5.0,,,,5.0,1.0,8.0,4.0,4.0,,,2.0,5.0,4.0,,,,4.0,0.0,3.0,4.0,2.0,6.0,6.0,7.0,3.0,,10.0,8.0,4.0,3.0,4.0,,4.0,4.0,5.0,,,4.0,9.0,,,,1.0,1.0,4.0,,8.0,3.0,,6.0,9.0,9.0,7.0,,9.0,4.0,9.0,,10.0,10.0,5.0,,1.0
Usuario253,,9.0,4.0,2.0,4.0,5.0,2.0,,,,3.0,,4.0,,,8.0,,0.0,10.0,7.0,9.0,1.0,7.0,0.0,3.0,,,,,,3.0,,,,,5.0,3.0,,2.0,,4.0,10.0,,3.0,4.0,,8.0,,,3.0,2.0,0.0,,,4.0,5.0,,,5.0,5.0,3.0,10.0,,8.0,5.0,3.0,0.0,,,9.0,,,,,6.0,,10.0,3.0,,1.0,,4.0,8.0,,0.0,5.0,7.0,0.0,10.0,,,,,,,6.0,2.0,2.0,0.0,,1.0,7.0,4.0,4.0,,,9.0
Usuario254,5.0,10.0,4.0,8.0,,10.0,,2.0,,,1.0,3.0,,,7.0,,,,2.0,,,10.0,,7.0,6.0,6.0,,7.0,10.0,7.0,1.0,,5.0,1.0,4.0,8.0,6.0,,8.0,3.0,,4.0,,,10.0,10.0,7.0,1.0,8.0,,5.0,0.0,,6.0,1.0,2.0,,,10.0,7.0,4.0,9.0,7.0,9.0,,5.0,,,,,,1.0,10.0,,5.0,,3.0,,,3.0,8.0,,,8.0,,8.0,,,,,,8.0,,,1.0,10.0,4.0,,2.0,,,7.0,,,8.0,,4.0
Usuario255,2.0,,,,,,,,,10.0,4.0,1.0,1.0,,0.0,,,9.0,2.0,1.0,,6.0,10.0,,4.0,,4.0,,8.0,3.0,,10.0,9.0,,,,,,7.0,2.0,,2.0,,,8.0,0.0,5.0,8.0,4.0,0.0,0.0,7.0,1.0,0.0,9.0,2.0,3.0,0.0,5.0,,10.0,5.0,,0.0,,9.0,,1.0,,,0.0,,1.0,0.0,,,8.0,1.0,1.0,0.0,6.0,3.0,0.0,,1.0,,,,,,8.0,9.0,,5.0,,6.0,4.0,,1.0,1.0,9.0,,,,7.0,,
Usuario256,10.0,2.0,,10.0,9.0,1.0,3.0,5.0,9.0,,7.0,,,,0.0,5.0,10.0,,,10.0,,7.0,7.0,,,7.0,,,,8.0,,1.0,,9.0,8.0,,10.0,,6.0,6.0,3.0,3.0,,3.0,10.0,7.0,5.0,8.0,,1.0,,1.0,6.0,,5.0,,,0.0,9.0,,6.0,6.0,,,,,10.0,4.0,,,,5.0,5.0,8.0,,3.0,10.0,,6.0,2.0,6.0,,7.0,,3.0,10.0,,0.0,,0.0,8.0,9.0,7.0,10.0,3.0,,,5.0,4.0,,2.0,1.0,,5.0,5.0,1.0,
Usuario257,2.0,,6.0,,0.0,,7.0,,6.0,10.0,6.0,,2.0,8.0,0.0,10.0,0.0,9.0,1.0,6.0,,6.0,,7.0,,,9.0,1.0,4.0,,,,9.0,6.0,,,6.0,9.0,6.0,,,9.0,,3.0,10.0,4.0,1.0,7.0,6.0,10.0,1.0,0.0,,,9.0,10.0,3.0,,,7.0,,8.0,,5.0,5.0,,,,,,4.0,,3.0,3.0,,,,,0.0,10.0,,1.0,,,3.0,,10.0,0.0,,,,2.0,,9.0,3.0,1.0,,10.0,,,6.0,6.0,1.0,,3.0,,
Usuario258,,,5.0,7.0,6.0,,,,1.0,,0.0,10.0,1.0,8.0,9.0,,,,7.0,,3.0,,4.0,,,9.0,,10.0,7.0,0.0,,10.0,2.0,,0.0,5.0,,3.0,,7.0,5.0,9.0,,1.0,4.0,7.0,8.0,,4.0,,3.0,6.0,,6.0,10.0,3.0,1.0,,,,1.0,2.0,0.0,6.0,,9.0,5.0,,2.0,1.0,,0.0,,1.0,,,,,9.0,0.0,,7.0,,,9.0,8.0,,4.0,2.0,,,2.0,,,5.0,6.0,5.0,,7.0,5.0,5.0,7.0,0.0,,,9.0,
Usuario259,4.0,,1.0,6.0,4.0,,10.0,9.0,9.0,2.0,1.0,,8.0,0.0,,1.0,0.0,6.0,,,,5.0,,0.0,4.0,5.0,0.0,1.0,,,4.0,,8.0,,8.0,10.0,9.0,,,1.0,4.0,5.0,2.0,4.0,,10.0,0.0,10.0,3.0,,,,1.0,,,3.0,,,,9.0,0.0,,1.0,2.0,3.0,9.0,,5.0,8.0,,,2.0,0.0,4.0,8.0,,4.0,,,9.0,,10.0,,,6.0,,3.0,8.0,,,7.0,,10.0,5.0,,10.0,,,9.0,,,5.0,7.0,,10.0,4.0,9.0
Usuario260,0.0,7.0,7.0,,10.0,4.0,5.0,,6.0,1.0,5.0,0.0,0.0,8.0,,,10.0,5.0,3.0,0.0,,,,0.0,2.0,,10.0,1.0,6.0,,,,,4.0,,6.0,,2.0,,5.0,5.0,4.0,,,3.0,,6.0,,,2.0,,,10.0,9.0,,,8.0,,4.0,0.0,,8.0,,2.0,4.0,,,,10.0,8.0,,2.0,4.0,,1.0,,0.0,7.0,5.0,8.0,4.0,,6.0,,0.0,0.0,6.0,,,9.0,9.0,2.0,3.0,6.0,9.0,10.0,3.0,,,,4.0,8.0,,,,,7.0
Usuario261,6.0,7.0,,,,6.0,,,7.0,0.0,2.0,,,7.0,,,8.0,,,1.0,,,1.0,5.0,4.0,,3.0,2.0,,2.0,0.0,,3.0,4.0,0.0,,7.0,5.0,,10.0,,,0.0,,,5.0,9.0,,9.0,,,1.0,5.0,,10.0,,,0.0,,,2.0,9.0,9.0,,,1.0,,,,,,8.0,,6.0,,10.0,8.0,,6.0,3.0,,,0.0,5.0,,1.0,7.0,,1.0,7.0,,,5.0,,2.0,,0.0,,4.0,9.0,,7.0,8.0,8.0,,,
Usuario262,,1.0,,0.0,10.0,4.0,4.0,,,10.0,,,3.0,8.0,2.0,7.0,,,4.0,,2.0,6.0,,10.0,5.0,4.0,2.0,9.0,,,,,4.0,7.0,7.0,,8.0,,,,9.0,,3.0,,,3.0,,,,8.0,,3.0,7.0,0.0,,10.0,9.0,10.0,4.0,3.0,,,0.0,0.0,4.0,,3.0,,6.0,6.0,10.0,,,5.0,0.0,,6.0,,8.0,,8.0,,10.0,9.0,8.0,,1.0,,,5.0,3.0,0.0,10.0,,1.0,0.0,0.0,6.0,3.0,8.0,8.0,,7.0,3.0,5.0,,1.0
Usuario263,8.0,9.0,2.0,,0.0,4.0,6.0,10.0,7.0,4.0,,6.0,2.0,10.0,8.0,,1.0,1.0,3.0,2.0,,0.0,0.0,0.0,8.0,1.0,,9.0,0.0,5.0,6.0,,3.0,,3.0,,2.0,9.0,,,,3.0,,,,10.0,,2.0,,3.0,,,2.0,,,10.0,,9.0,4.0,9.0,0.0,5.0,9.0,4.0,4.0,,4.0,1.0,,,7.0,3.0,10.0,7.0,4.0,2.0,1.0,,,2.0,,1.0,,,,,10.0,9.0,10.0,,,8.0,,6.0,10.0,9.0,9.0,8.0,6.0,6.0,0.0,7.0,,,,9.0,2.0
Usuario264,1.0,2.0,4.0,4.0,,,2.0,,,3.0,1.0,,10.0,3.0,,7.0,,6.0,5.0,0.0,8.0,8.0,,10.0,10.0,6.0,,8.0,3.0,9.0,,9.0,9.0,4.0,8.0,10.0,2.0,3.0,10.0,10.0,,7.0,8.0,,,4.0,5.0,,8.0,,,,2.0,8.0,,,,,5.0,,8.0,10.0,,0.0,1.0,,0.0,,10.0,,0.0,0.0,10.0,6.0,,2.0,0.0,4.0,,,,10.0,,4.0,1.0,5.0,6.0,,10.0,,,,8.0,,,1.0,,3.0,6.0,9.0,,,,6.0,,6.0,4.0
Usuario265,4.0,,1.0,4.0,,0.0,1.0,,3.0,,,,3.0,,4.0,,3.0,,,8.0,8.0,,,,5.0,9.0,6.0,6.0,,,,9.0,1.0,,9.0,,,9.0,,2.0,,,10.0,,2.0,9.0,0.0,9.0,,,,4.0,9.0,,9.0,,2.0,,,1.0,6.0,,7.0,,,0.0,1.0,6.0,6.0,3.0,,10.0,,2.0,10.0,,7.0,,10.0,10.0,1.0,9.0,10.0,,8.0,,,4.0,6.0,9.0,,,8.0,0.0,,,10.0,3.0,4.0,3.0,2.0,9.0,0.0,,,6.0,
Usuario266,7.0,,,0.0,,,,8.0,,,4.0,2.0,,2.0,0.0,7.0,4.0,3.0,,6.0,,5.0,8.0,1.0,1.0,4.0,,,8.0,8.0,1.0,3.0,6.0,10.0,9.0,,6.0,,,,0.0,,,,5.0,9.0,,7.0,7.0,2.0,3.0,7.0,5.0,,1.0,6.0,7.0,,10.0,7.0,,,4.0,9.0,,2.0,,,1.0,4.0,10.0,8.0,10.0,,,6.0,8.0,1.0,,9.0,8.0,8.0,5.0,0.0,6.0,,0.0,,0.0,,5.0,10.0,2.0,10.0,7.0,9.0,,9.0,5.0,,7.0,2.0,9.0,,,5.0,
Usuario267,4.0,,2.0,,,,,9.0,7.0,,7.0,8.0,7.0,,8.0,9.0,,1.0,,,0.0,,5.0,,0.0,,3.0,,,,8.0,8.0,8.0,3.0,5.0,7.0,4.0,2.0,4.0,,6.0,,9.0,2.0,6.0,,,1.0,7.0,2.0,1.0,,6.0,7.0,9.0,,,3.0,1.0,4.0,1.0,,,0.0,,,5.0,,,,10.0,5.0,0.0,,,4.0,3.0,,9.0,4.0,2.0,7.0,,,,8.0,,9.0,1.0,,7.0,,2.0,10.0,,,3.0,1.0,6.0,0.0,,1.0,,,8.0,0.0,
Usuario268,0.0,4.0,,8.0,,,,,,,5.0,10.0,,6.0,8.0,2.0,,7.0,,6.0,9.0,2.0,8.0,4.0,2.0,0.0,10.0,,,6.0,9.0,6.0,6.0,7.0,6.0,,,1.0,3.0,,6.0,0.0,,1.0,1.0,,4.0,1.0,5.0,,,2.0,,2.0,8.0,0.0,7.0,9.0,10.0,9.0,6.0,6.0,0.0,,9.0,7.0,3.0,6.0,1.0,2.0,,,0.0,0.0,,,,3.0,7.0,9.0,4.0,0.0,7.0,1.0,,,2.0,,,4.0,1.0,0.0,7.0,,2.0,,7.0,1.0,7.0,2.0,9.0,7.0,,,7.0,9.0,
Usuario269,2.0,0.0,,,,10.0,6.0,6.0,,,3.0,9.0,9.0,,,,2.0,9.0,0.0,1.0,10.0,2.0,6.0,3.0,0.0,0.0,1.0,,5.0,,1.0,,,5.0,1.0,3.0,,3.0,8.0,,,,,,,,,1.0,,4.0,,0.0,6.0,7.0,0.0,4.0,,,1.0,0.0,5.0,,8.0,5.0,10.0,,,,7.0,4.0,9.0,2.0,,6.0,0.0,,,9.0,4.0,,,7.0,,0.0,0.0,1.0,,,8.0,7.0,,,8.0,,6.0,,8.0,,7.0,9.0,4.0,8.0,,8.0,,0.0,8.0
Usuario270,9.0,,3.0,3.0,,1.0,,,6.0,,5.0,,,0.0,9.0,4.0,1.0,10.0,5.0,5.0,3.0,6.0,5.0,7.0,8.0,,6.0,7.0,7.0,7.0,2.0,1.0,,,,,2.0,,6.0,1.0,0.0,3.0,7.0,,,,,,3.0,0.0,4.0,4.0,,,5.0,,6.0,9.0,,,,5.0,,,,5.0,1.0,6.0,,,0.0,,,,1.0,8.0,,,,10.0,,10.0,2.0,,,3.0,,8.0,3.0,7.0,,4.0,9.0,5.0,,,2.0,9.0,0.0,8.0,6.0,10.0,3.0,,3.0,4.0,8.0
Usuario271,,,,,,5.0,0.0,8.0,7.0,,2.0,,3.0,8.0,6.0,4.0,,,,10.0,10.0,7.0,4.0,,,10.0,,8.0,,3.0,,,4.0,4.0,,4.0,,,,,0.0,6.0,,10.0,5.0,8.0,,3.0,,0.0,,0.0,,,8.0,,,5.0,8.0,2.0,2.0,9.0,0.0,1.0,7.0,7.0,4.0,,,8.0,,2.0,9.0,7.0,8.0,0.0,,3.0,7.0,9.0,3.0,8.0,4.0,,9.0,7.0,0.0,,2.0,9.0,1.0,,7.0,,5.0,10.0,4.0,10.0,7.0,,2.0,,,,,,8.0
Usuario272,,,9.0,9.0,5.0,6.0,,,,10.0,,,5.0,,,,3.0,6.0,0.0,,,7.0,5.0,3.0,,,1.0,3.0,1.0,6.0,,9.0,4.0,10.0,,0.0,10.0,,8.0,,4.0,10.0,8.0,10.0,9.0,,,2.0,3.0,2.0,,4.0,7.0,8.0,,8.0,6.0,0.0,,6.0,9.0,,,,5.0,,10.0,5.0,2.0,,5.0,1.0,9.0,3.0,,7.0,4.0,,,4.0,3.0,6.0,7.0,8.0,5.0,3.0,,1.0,4.0,9.0,,2.0,5.0,2.0,,2.0,7.0,5.0,3.0,,1.0,9.0,,2.0,,4.0,
Usuario273,0.0,,,,10.0,3.0,10.0,2.0,,,1.0,8.0,1.0,,5.0,8.0,0.0,,5.0,,,,,,10.0,7.0,,,2.0,9.0,,4.0,10.0,,,,5.0,9.0,5.0,6.0,6.0,10.0,4.0,,3.0,9.0,,2.0,4.0,6.0,,1.0,,,6.0,,9.0,4.0,4.0,10.0,0.0,9.0,1.0,,3.0,,,,,2.0,0.0,,10.0,10.0,,,,5.0,10.0,1.0,,7.0,,8.0,9.0,3.0,,9.0,,4.0,,,3.0,0.0,9.0,9.0,3.0,3.0,7.0,6.0,0.0,10.0,,,6.0,4.0,1.0
Usuario274,9.0,5.0,,2.0,2.0,,,6.0,1.0,,7.0,8.0,,,,,5.0,9.0,10.0,4.0,,4.0,9.0,6.0,2.0,3.0,2.0,,4.0,4.0,,,2.0,1.0,6.0,3.0,,9.0,9.0,,,5.0,7.0,6.0,9.0,,,4.0,,,,,2.0,8.0,3.0,5.0,,,,10.0,7.0,,2.0,,2.0,8.0,,,9.0,6.0,,10.0,1.0,,8.0,7.0,3.0,,,,0.0,2.0,,7.0,,0.0,4.0,7.0,,7.0,3.0,,,,10.0,7.0,,,4.0,1.0,,,4.0,7.0,2.0,0.0,0.0
Usuario275,5.0,8.0,3.0,4.0,,2.0,9.0,,,,1.0,,,9.0,9.0,6.0,10.0,10.0,,,,7.0,,,,1.0,1.0,4.0,,10.0,,,9.0,,,8.0,4.0,6.0,6.0,10.0,,7.0,4.0,,9.0,3.0,6.0,7.0,,8.0,,6.0,5.0,,5.0,6.0,2.0,0.0,,6.0,,7.0,,,4.0,,5.0,2.0,4.0,,,,2.0,,10.0,3.0,4.0,7.0,4.0,,0.0,7.0,2.0,0.0,,10.0,,8.0,,,8.0,1.0,,8.0,3.0,5.0,,,9.0,,3.0,,6.0,7.0,6.0,10.0,
Usuario276,3.0,,3.0,5.0,,,7.0,3.0,2.0,,10.0,,7.0,1.0,3.0,1.0,7.0,3.0,0.0,2.0,,,6.0,,,0.0,3.0,,1.0,4.0,4.0,,,8.0,,,2.0,9.0,,,7.0,0.0,2.0,,6.0,7.0,9.0,7.0,10.0,8.0,10.0,2.0,2.0,,,,8.0,4.0,10.0,4.0,8.0,,8.0,7.0,,0.0,5.0,2.0,8.0,6.0,3.0,6.0,9.0,1.0,2.0,3.0,,0.0,2.0,,,7.0,8.0,6.0,7.0,8.0,2.0,,,3.0,0.0,3.0,,10.0,,9.0,3.0,,2.0,,,4.0,2.0,8.0,2.0,,
Usuario277,,,,,6.0,,8.0,2.0,1.0,10.0,0.0,,7.0,,6.0,,0.0,,2.0,8.0,,8.0,10.0,0.0,,8.0,2.0,3.0,,,0.0,0.0,,0.0,3.0,8.0,8.0,,1.0,9.0,9.0,,0.0,10.0,4.0,8.0,10.0,6.0,3.0,,7.0,,6.0,10.0,,,,,4.0,,7.0,,6.0,3.0,8.0,7.0,5.0,3.0,4.0,,,,9.0,1.0,5.0,,7.0,,,0.0,9.0,,,3.0,,7.0,5.0,,7.0,1.0,,,7.0,2.0,,,,,2.0,,8.0,,0.0,,7.0,,
Usuario278,10.0,,,5.0,2.0,4.0,7.0,,7.0,1.0,3.0,1.0,8.0,,4.0,1.0,,0.0,2.0,6.0,4.0,7.0,,,6.0,,8.0,,,5.0,3.0,1.0,4.0,1.0,,6.0,,,10.0,,6.0,6.0,,,4.0,7.0,,6.0,2.0,6.0,,2.0,2.0,,10.0,4.0,,,10.0,,1.0,2.0,8.0,0.0,9.0,,1.0,,5.0,7.0,4.0,,8.0,,,2.0,,,,,3.0,,3.0,,,,5.0,,,3.0,,,2.0,5.0,1.0,9.0,9.0,5.0,,,,10.0,0.0,10.0,,,4.0
Usuario279,8.0,7.0,,2.0,6.0,9.0,4.0,4.0,8.0,6.0,,,,,,2.0,,0.0,10.0,,,,,,4.0,,,8.0,2.0,10.0,4.0,8.0,,10.0,10.0,4.0,7.0,3.0,,4.0,9.0,3.0,,,,0.0,8.0,,9.0,,0.0,,,2.0,1.0,,,,,,1.0,4.0,,8.0,,4.0,2.0,7.0,1.0,,3.0,,,,,,,6.0,5.0,4.0,1.0,,,,8.0,4.0,5.0,,1.0,,,10.0,,5.0,,,,,2.0,0.0,,3.0,,2.0,10.0,0.0,2.0
Usuario280,8.0,,4.0,,,,7.0,7.0,2.0,,1.0,4.0,0.0,7.0,,2.0,,,5.0,,,0.0,9.0,10.0,10.0,,6.0,,5.0,1.0,2.0,4.0,3.0,,,7.0,,0.0,9.0,,1.0,0.0,,,0.0,,,,,9.0,6.0,,9.0,1.0,1.0,7.0,,4.0,0.0,3.0,4.0,5.0,0.0,,6.0,5.0,4.0,6.0,2.0,,8.0,,,,0.0,10.0,,10.0,,,,,,,,0.0,1.0,9.0,7.0,9.0,1.0,10.0,,,,,4.0,7.0,,,8.0,,,,,4.0,10.0
Usuario281,9.0,,,,,8.0,,,5.0,,,1.0,8.0,,2.0,8.0,1.0,5.0,6.0,,,0.0,6.0,,,,2.0,,5.0,,5.0,,0.0,9.0,0.0,1.0,2.0,9.0,,8.0,0.0,,,5.0,4.0,5.0,,9.0,,,4.0,7.0,,9.0,1.0,9.0,7.0,,3.0,,9.0,10.0,,10.0,,10.0,0.0,5.0,7.0,10.0,3.0,8.0,0.0,1.0,,10.0,,1.0,,2.0,,,,2.0,10.0,,4.0,6.0,7.0,10.0,8.0,,,3.0,4.0,5.0,,6.0,4.0,6.0,,,,6.0,,,
Usuario282,,,2.0,,0.0,,,6.0,6.0,6.0,2.0,5.0,,,,7.0,10.0,4.0,4.0,4.0,5.0,5.0,,5.0,,,0.0,1.0,,,,10.0,,4.0,10.0,,4.0,6.0,,4.0,4.0,8.0,,,10.0,8.0,5.0,,,,4.0,,9.0,1.0,,,,9.0,6.0,0.0,5.0,,7.0,0.0,,10.0,,7.0,,4.0,0.0,4.0,,2.0,10.0,5.0,4.0,2.0,,5.0,2.0,6.0,3.0,1.0,10.0,,,9.0,,,,1.0,,,9.0,2.0,9.0,,,,0.0,,6.0,,9.0,,
Usuario283,4.0,5.0,,,,7.0,6.0,9.0,0.0,,,,,3.0,5.0,7.0,,,,,,0.0,,,9.0,,,8.0,7.0,,,1.0,,5.0,,,,,,,8.0,6.0,,,,,2.0,,7.0,8.0,7.0,,9.0,,,,3.0,,,4.0,0.0,,,4.0,8.0,6.0,,,0.0,0.0,7.0,9.0,,9.0,3.0,4.0,7.0,,9.0,5.0,,,6.0,5.0,,8.0,,,,7.0,3.0,,1.0,,4.0,,2.0,,,7.0,,,9.0,5.0,9.0,3.0,2.0
Usuario284,,1.0,,,,3.0,,4.0,10.0,,,8.0,4.0,5.0,,2.0,2.0,,8.0,1.0,,,,8.0,8.0,,0.0,5.0,5.0,6.0,,,2.0,0.0,10.0,9.0,9.0,0.0,7.0,,8.0,4.0,2.0,,5.0,2.0,,9.0,3.0,9.0,3.0,,7.0,4.0,,0.0,0.0,1.0,3.0,,8.0,8.0,,,1.0,,,10.0,,5.0,4.0,,7.0,3.0,0.0,7.0,,,4.0,0.0,10.0,5.0,2.0,9.0,10.0,,5.0,7.0,,,,7.0,10.0,,9.0,,,7.0,2.0,6.0,10.0,2.0,,5.0,,10.0,10.0
Usuario285,6.0,,,7.0,7.0,,,4.0,7.0,,2.0,,0.0,4.0,9.0,2.0,,5.0,,,9.0,,2.0,3.0,,8.0,,,,1.0,3.0,2.0,,9.0,5.0,,,10.0,5.0,0.0,10.0,2.0,,1.0,5.0,10.0,5.0,,3.0,10.0,4.0,0.0,8.0,5.0,10.0,5.0,5.0,4.0,,,1.0,5.0,,9.0,8.0,,0.0,8.0,7.0,0.0,6.0,5.0,,10.0,10.0,10.0,2.0,,4.0,1.0,,5.0,7.0,,7.0,,2.0,,6.0,1.0,1.0,8.0,4.0,3.0,,2.0,,10.0,6.0,,4.0,8.0,1.0,6.0,1.0,9.0,5.0
Usuario286,,3.0,8.0,0.0,5.0,6.0,8.0,,0.0,2.0,,9.0,,4.0,4.0,9.0,,,4.0,7.0,3.0,2.0,,4.0,5.0,,3.0,6.0,3.0,,4.0,4.0,,5.0,,1.0,9.0,5.0,5.0,9.0,0.0,1.0,,,,,,,0.0,,8.0,,1.0,4.0,4.0,,10.0,,8.0,2.0,10.0,0.0,2.0,2.0,6.0,,4.0,8.0,9.0,0.0,,,0.0,7.0,,9.0,9.0,,7.0,7.0,9.0,,9.0,10.0,,,,5.0,7.0,2.0,2.0,,,10.0,,,,,9.0,3.0,7.0,8.0,10.0,0.0,8.0,2.0,5.0
Usuario287,,10.0,,,3.0,,1.0,,,10.0,,10.0,0.0,,4.0,7.0,0.0,,2.0,9.0,0.0,,,,,5.0,3.0,3.0,9.0,7.0,,9.0,3.0,1.0,8.0,,,,10.0,,2.0,,,,,,3.0,1.0,5.0,1.0,5.0,3.0,2.0,4.0,0.0,,,,,9.0,10.0,5.0,0.0,8.0,,8.0,,2.0,,9.0,6.0,3.0,6.0,6.0,,2.0,4.0,0.0,8.0,9.0,9.0,,,,8.0,2.0,,1.0,2.0,9.0,4.0,0.0,4.0,3.0,,,6.0,1.0,4.0,8.0,3.0,,2.0,,,1.0,
Usuario288,,3.0,0.0,2.0,4.0,0.0,8.0,0.0,10.0,,6.0,0.0,1.0,1.0,,,4.0,,,4.0,,6.0,0.0,,,10.0,9.0,3.0,9.0,,,,4.0,9.0,,5.0,6.0,4.0,10.0,,8.0,,6.0,1.0,8.0,3.0,1.0,0.0,,6.0,,,,10.0,9.0,,8.0,,,2.0,8.0,4.0,10.0,,1.0,,,7.0,10.0,2.0,1.0,,3.0,0.0,7.0,6.0,6.0,1.0,6.0,2.0,6.0,1.0,,1.0,,10.0,1.0,1.0,,5.0,2.0,8.0,,,2.0,8.0,,,6.0,9.0,1.0,0.0,,8.0,4.0,,
Usuario289,0.0,7.0,7.0,3.0,0.0,6.0,,,,5.0,,,2.0,,10.0,,,1.0,6.0,,6.0,5.0,,9.0,,,8.0,0.0,,9.0,9.0,,,9.0,,1.0,9.0,9.0,,6.0,,5.0,9.0,,3.0,,4.0,7.0,5.0,10.0,8.0,3.0,8.0,,,7.0,0.0,,,5.0,5.0,,,,,5.0,7.0,10.0,3.0,0.0,,7.0,,,7.0,,,0.0,8.0,,9.0,0.0,3.0,5.0,10.0,,2.0,,8.0,4.0,10.0,8.0,,5.0,,,,1.0,2.0,,,0.0,8.0,5.0,7.0,,
Usuario290,,0.0,1.0,,5.0,,9.0,9.0,5.0,,0.0,9.0,7.0,10.0,6.0,0.0,,,,,3.0,,5.0,0.0,3.0,,10.0,1.0,0.0,,9.0,5.0,,3.0,,9.0,9.0,5.0,0.0,0.0,5.0,,8.0,,4.0,1.0,3.0,,7.0,3.0,5.0,1.0,5.0,,7.0,2.0,,,,,5.0,3.0,,,8.0,4.0,0.0,,,1.0,10.0,9.0,10.0,,9.0,,,3.0,4.0,,,6.0,,2.0,,5.0,,10.0,10.0,,0.0,,,7.0,,,0.0,4.0,,4.0,2.0,,,,,,10.0
Usuario291,1.0,,4.0,7.0,,3.0,5.0,7.0,,5.0,1.0,,3.0,,0.0,9.0,8.0,5.0,0.0,,,7.0,6.0,,7.0,1.0,,4.0,5.0,,1.0,1.0,10.0,7.0,,,8.0,,5.0,5.0,1.0,7.0,1.0,2.0,,,,,7.0,,1.0,3.0,,1.0,,8.0,,,4.0,,10.0,7.0,,1.0,9.0,6.0,,,,0.0,8.0,6.0,0.0,,,3.0,9.0,10.0,3.0,,5.0,1.0,,1.0,1.0,4.0,8.0,,,,9.0,2.0,1.0,8.0,,0.0,2.0,3.0,,0.0,5.0,,9.0,,,9.0,6.0
Usuario292,,,,,2.0,,6.0,5.0,6.0,,4.0,7.0,7.0,,,,1.0,,1.0,10.0,,,,3.0,6.0,3.0,,10.0,1.0,0.0,1.0,7.0,2.0,,3.0,2.0,9.0,,7.0,5.0,,3.0,4.0,,,0.0,4.0,,,4.0,,,5.0,4.0,,8.0,4.0,3.0,,10.0,,8.0,,,,2.0,,4.0,1.0,0.0,8.0,7.0,4.0,1.0,0.0,3.0,5.0,,9.0,5.0,3.0,,,,,,,4.0,2.0,10.0,9.0,8.0,,8.0,10.0,2.0,1.0,8.0,,,8.0,2.0,3.0,,,6.0,3.0
Usuario293,7.0,6.0,,,5.0,3.0,,,10.0,1.0,,,4.0,1.0,6.0,2.0,0.0,0.0,10.0,7.0,,0.0,6.0,,,3.0,2.0,6.0,9.0,2.0,10.0,7.0,10.0,,,,2.0,0.0,7.0,9.0,0.0,0.0,,3.0,8.0,5.0,,,,,7.0,3.0,3.0,,4.0,,,,2.0,,,7.0,8.0,,,1.0,1.0,6.0,8.0,10.0,,9.0,6.0,6.0,,,,8.0,,,,6.0,,6.0,0.0,9.0,,3.0,,2.0,3.0,,10.0,,,,,1.0,4.0,6.0,0.0,3.0,4.0,4.0,9.0,3.0,0.0
Usuario294,5.0,9.0,,,5.0,,1.0,1.0,,4.0,7.0,3.0,6.0,,,,,6.0,0.0,2.0,2.0,2.0,6.0,2.0,,10.0,4.0,3.0,10.0,7.0,4.0,,,,,8.0,,4.0,8.0,,,,,1.0,7.0,10.0,9.0,0.0,1.0,,5.0,,8.0,,8.0,9.0,3.0,,4.0,,,,,,6.0,,,2.0,1.0,,,0.0,,,0.0,,0.0,9.0,1.0,,,,7.0,4.0,4.0,,3.0,5.0,10.0,4.0,5.0,,,,1.0,,2.0,,6.0,7.0,,1.0,9.0,5.0,,7.0,
Usuario295,,1.0,9.0,8.0,,0.0,,6.0,1.0,2.0,,,4.0,,,7.0,,8.0,5.0,,4.0,,6.0,,,7.0,7.0,9.0,5.0,8.0,8.0,3.0,,,6.0,2.0,7.0,9.0,6.0,7.0,,,,1.0,,4.0,8.0,3.0,,,10.0,9.0,5.0,3.0,,10.0,4.0,1.0,,,8.0,,3.0,,,10.0,,10.0,,,,5.0,,,6.0,1.0,4.0,3.0,9.0,2.0,2.0,,7.0,1.0,3.0,6.0,2.0,,3.0,2.0,,,4.0,4.0,8.0,0.0,10.0,,2.0,7.0,,3.0,,,9.0,,4.0
Usuario296,2.0,,5.0,6.0,7.0,,2.0,,,,8.0,1.0,,,3.0,,4.0,9.0,6.0,0.0,2.0,,2.0,,,6.0,,,3.0,,10.0,10.0,3.0,,,,1.0,5.0,,1.0,0.0,5.0,10.0,8.0,7.0,,9.0,0.0,,5.0,3.0,,,1.0,2.0,3.0,,,0.0,0.0,,,8.0,5.0,6.0,9.0,7.0,5.0,3.0,,,,7.0,2.0,3.0,,9.0,4.0,,,,2.0,6.0,9.0,9.0,5.0,,,,6.0,,1.0,8.0,0.0,0.0,,6.0,2.0,,1.0,,5.0,,7.0,8.0,7.0,5.0
Usuario297,5.0,,,5.0,4.0,6.0,2.0,,,1.0,2.0,7.0,,9.0,8.0,4.0,2.0,1.0,3.0,7.0,,3.0,,9.0,,,,,0.0,,,3.0,6.0,,1.0,5.0,,,6.0,10.0,7.0,2.0,,,9.0,7.0,7.0,,,,0.0,7.0,10.0,,,5.0,0.0,4.0,,9.0,3.0,8.0,6.0,4.0,9.0,,1.0,1.0,,7.0,,,0.0,3.0,,,2.0,,,6.0,2.0,2.0,0.0,1.0,,9.0,8.0,5.0,5.0,8.0,,3.0,9.0,7.0,0.0,5.0,,10.0,5.0,9.0,,8.0,3.0,,,0.0,
Usuario298,9.0,5.0,,,7.0,,4.0,2.0,,,,1.0,8.0,4.0,,,,2.0,5.0,4.0,,6.0,0.0,1.0,,,,,,7.0,6.0,,,10.0,6.0,5.0,,10.0,2.0,,,9.0,8.0,,3.0,8.0,5.0,1.0,3.0,,7.0,0.0,,6.0,8.0,,4.0,,,,,,8.0,10.0,,7.0,,10.0,,2.0,,5.0,,,,,10.0,5.0,6.0,4.0,3.0,4.0,0.0,3.0,9.0,,9.0,4.0,,,,4.0,,1.0,1.0,5.0,10.0,,,2.0,,,,0.0,1.0,,7.0
Usuario299,4.0,5.0,0.0,4.0,,9.0,,,2.0,4.0,9.0,6.0,1.0,6.0,8.0,,,4.0,0.0,7.0,,0.0,,10.0,,,,5.0,,3.0,,9.0,,,6.0,,4.0,3.0,8.0,,,,0.0,1.0,4.0,,0.0,,,8.0,,,4.0,,,,7.0,2.0,3.0,4.0,,8.0,2.0,6.0,8.0,1.0,9.0,0.0,9.0,,,,,5.0,4.0,8.0,8.0,,0.0,4.0,8.0,5.0,,,6.0,,,2.0,3.0,,,,1.0,4.0,10.0,,,7.0,5.0,5.0,8.0,8.0,,10.0,,8.0,5.0
